Name,Count
90201,1
A,3
AALIYAH,2
AALSKA,1
AARON,3
ABACO,1
ABACUS,1
ABALEEN,1
ABBEY,8
ABBI,2
ABBIE,5
ABBOTT,2
ABBY,87
ABDELSAID,1
ABE,1
ABEDRABBO,1
ABEL,2
ABEY,1
ABI,2
ABIGAIL,28
ABIGALE,1
ABILGAIL,1
ABIR,1
ABITA,1
ABRAHAM,5
ABRIK,1
ABRIL,1
ABSOLUT,1
ABU,3
ACE,85
ACENTIA,1
ACER,1
ACHAK,1
ACHI,1
ACHILEAS,1
ACHILLES,19
ACHILLIES,1
ACKEE,1
ACKEES,1
ACKLEY,1
ACORN,1
ACOSTA,1
ACTION,1
ADA,3
ADAM,5
ADDA,1
ADDIE,11
ADDISON,4
ADDY,3
ADELAIDE,3
ADELE,2
ADELINE,5
ADELLA,1
ADELLINE,1
ADGER,1
ADI,1
ADIN,1
ADINA,1
ADMIRAL,2
ADOLF,1
ADONIS,5
ADORABLE,1
ADORE,2
ADORYLICIOUS,1
ADRIAN,6
AELIE,1
AENGUS,1
AERIE,2
AERIS,1
AERYS,1
AESOP,2
AGADOR,1
AGAPI,1
AGATA,1
AGATHOR,2
AGAVE,1
AGENT,1
AGGIE,7
AGNES,12
AGRIPPINA,1
AGUILAR,2
AGUS,1
AHAVA,1
AHSOKA,2
AIDA,1
AIDEN,2
AIEO,1
AIKA,1
AIKO,6
AIMEE,1
AINSLEY,1
AINSWORTH,1
AIOLI,1
AIRES,1
AISA,1
AISHA,1
AISLINN,1
AIYANA,1
AJ,9
AJAX,11
AJAY,1
AK,1
AKA,1
AKAMARO,1
AKASHI,1
AKELA,1
AKEMI,1
AKHILLES,1
AKI,5
AKIBA,1
AKILA,1
AKINO,1
AKIO,2
AKIRA,7
AKKO,1
AKUMA,2
AL,1
ALABAMA,8
ALADDIN,3
ALAEWAH,1
ALAIA,2
ALAMEDA,1
ALAN,1
ALANA,1
ALARA,1
ALARIC,1
ALASKA,5
ALBA,2
ALBAN,1
ALBANY,1
ALBEE,3
ALBERT,15
ALBIE,9
ALBUS,4
ALBY,2
ALDO,4
ALDUS,1
ALECOS,1
ALEE,1
ALEJANDRO,4
ALENA,1
ALEPH,1
ALESSIA,2
ALEX,16
ALEXA,2
ALEXANDER,10
ALEXANDRA,3
ALEXIS,6
ALF,2
ALFA,2
ALFALFA,2
ALFI,1
ALFIE,36
ALFIO,1
ALFONSE,1
ALFONSO,3
ALFRED,8
ALFREDO,3
ALI,3
ALIA,2
ALIANYA,1
ALICE,22
ALISA,2
ALISON,1
ALISTAIR,3
ALKI,1
ALLAGASH,1
ALLEGRA,2
ALLEN,1
ALLEY,2
ALLI,1
ALLIANNAH,1
ALLIE,15
ALLISON,2
ALLISTER,1
ALLY,9
ALMA,3
ALMOND,5
ALOE,2
ALONZO,2
ALPA,1
ALPHA,6
ALPHONSE,1
ALPHY,2
ALPO,1
ALSNASETS,1
ALTAGRACIA,1
ALTAIR,1
ALTHEA,2
ALVERI,1
ALVI,1
ALVIE,1
ALVIN,11
ALVY,4
ALYSSA,1
ALYZE,1
AMADEUS,2
AMADILLO,1
AMALFI,1
AMANDA,4
AMANI,1
AMARULA,1
AMAYA,5
AMBER,24
AMBROSE,1
AMBROSIA,1
AMBROSIUS,1
AME,1
AMEE,1
AMEILA,1
AMEILIA,1
AMELIA,12
AMELIE,1
AMERICA,1
AMETHYST,1
AMI,3
AMIA,1
AMICO,1
AMIGA,2
AMIGO,3
AMIH,1
AMINA,3
AMIR,2
AMITZ,1
AMMO,1
AMO,1
AMOL,1
AMON,1
AMOR,1
AMORA,1
AMORE,5
AMORY,1
AMOS,4
AMPRESS,1
AMY,20
ANA,3
ANABELLE,3
ANAKIN,6
ANANDA,2
ANASTASIA,2
ANCHOAS,1
ANCHOR,1
ANCHOVY,2
ANCIONE,1
ANCY,1
ANDE,1
ANDERS,1
ANDERSON,3
ANDIE,1
ANDOUILLE,1
ANDREA,2
ANDREW,6
ANDREY,1
ANDROMEDA,3
ANDROS,1
ANDY,29
ANEEHSKA,1
ANGEL,61
ANGELA,6
ANGELIA,1
ANGELICA,2
ANGELINA,3
ANGELINE,1
ANGELIQUE,1
ANGELO,2
ANGELONE,1
ANGIE,11
ANGUS,8
ANI,2
ANIMAL,1
ANISTASIA,1
ANISTON,1
ANITA,3
ANJA,1
ANJELICA,1
ANJIN,1
ANN,2
ANNA,9
ANNABEL,2
ANNABELL,1
ANNABELLA,1
ANNABELLE,12
ANNABETH,1
ANNE,1
ANNEBELLE,1
ANNIE,59
ANNIKA,1
ANOUK,2
ANOUSH,1
ANRIR,1
ANSEL,3
ANTARES,1
ANTHEM,1
ANTHONY,7
ANTON,2
ANTONIA,1
ANTONIO,4
ANTONOFF,1
ANUBIS,7
ANYA,4
AOIFE,2
APACHE,2
APHRODITE,3
APOLLO,75
APOLLOS,1
APOLO,1
APOTHIC,1
APPA,4
APPIE,1
APPLE,14
APPLEMARTINI,1
APPLETON,1
APPLEWHITE,1
APPU,1
APRIL,25
APSLEY,1
APU,1
AQUILES,3
ARA,1
ARABELLA,5
ARAGON,1
ARAKI_MAVERICK,1
ARAMIS,1
ARANCINO,1
ARBUCKLE,1
ARBY,1
ARCA,1
ARCADIA,1
ARCELY,1
ARCHER,12
ARCHI,1
ARCHIBALD,1
ARCHIE,67
ARCHIEBOLD,1
ARCHIMEDES,2
ARCHY,1
ARCI,1
ARCTIC,1
ARES,9
AREUM,1
ARFTURO,1
ARFU,1
ARGILE,1
ARGO,2
ARGOS,9
ARGUS,2
ARI,10
ARIA,9
ARIANNA,1
ARIEL,8
ARIELLA,3
ARIES,5
ARISTA,1
ARISTOTLE,1
ARIZONA,3
ARJUNA,1
ARKANSAS,1
ARKO,1
ARLEIGH,1
ARLO,26
ARMANI,7
ARMIN,1
ARNIE,8
ARNO,1
ARNOLD,7
AROMI,1
ARROW,15
ART,1
ARTEMIS,15
ARTEMIUS,1
ARTHAS,1
ARTHELLO,1
ARTHUR,21
ARTIE,8
ARTOO,1
ARTURO,1
ARTY,3
ARVA,1
ARVO,1
ARWEN,1
ARYA,22
ASAHI,1
ASH,14
ASHA,1
ASHANTI,2
ASHAY,1
ASHBY,2
ASHER,10
ASHES,5
ASHLEY,9
ASHRAF,1
ASHTION,1
ASHTON,5
ASIA,8
ASKA,1
ASKAR,1
ASLAN,3
ASLYN,1
ASMARA,1
ASOKA,1
ASPARAGUS,1
ASPEN,16
ASSATA,1
ASTA,4
ASTER,3
ASTLA,1
ASTOR,3
ASTORIA,2
ASTRID,7
ASTRO,24
ASTROY,1
ATARI,2
ATHENA,56
ATKINS,1
ATLANTA,1
ATLAS,13
ATOM,1
ATREIDES,1
ATREYU,2
ATTERBURY,1
ATTICUS,16
ATTILA,1
AUBREY,2
AUDREY,13
AUGGIE,10
AUGGY,1
AUGIE,14
AUGIESTINA,1
AUGUST,14
AUGUSTINE,1
AUGUSTUS,17
AULË,1
AUNIS,1
AURA,1
AURELIA,2
AURON,1
AURORA,11
AUSHA,1
AUSSIE,4
AUSTEN,1
AUSTIN,15
AUTUMN,12
AUZWALD,1
AVA,44
AVACYN,1
AVARI,1
AVEN,1
AVERI,1
AVERY,14
AVERYDAISY,1
AVETT,1
AVIE,1
AVILES,1
AVIS,1
AVIVA,1
AVIVI,1
AVOCADO,3
AVON,2
AVRIL,1
AVY,1
AWESOME,2
AXE,1
AXEL,19
AXL,2
AXLE,2
AYALAH,1
AYCSA,1
AYLA,2
AYO,1
AYRES,1
AYSEN,1
AYUMI,1
AZA,1
AZABACHE,2
AZARI,1
AZI,1
AZIMA,1
AZUCAR,1
AZULA,2
AZUMI,1
AZURI,1
AZZURE,1
AZZURRA,1
B,1
BABA,4
BABBY,1
BABE,5
BABETTE,3
BABIE,2
BABKA,3
BABO,1
BABOU,1
BABS,3
BABSJOHNSON,1
BABY,78
BABYBLUE,1
BABYBOY,1
BABYGIRL,1
BABYLOLA,1
BACARDI,1
BACCHUS,3
BACH,1
BACHEERA,1
BACHO,1
BACI,16
BACIO,2
BACO,1
BACON,13
BACORN,1
BAD,1
BADEM,1
BADGER,1
BADIN,1
BADU,1
BAEBEA,1
BAECHOO,1
BAELFIRE,1
BAER,1
BAFFI,2
BAGEL,17
BAGELS,3
BAGHEERA,1
BAGO,1
BAGUETTE,2
BAHAMAS,1
BAICAI,1
BAIL,1
BAILEE,1
BAILEIGH,1
BAILEY,262
BAILEYM,1
BAILEYRAYNE,1
BAILLIE,1
BAILY,1
BAILYEE,1
BAJIE,1
BAJJI,1
BAJKA,1
BAKA,1
BAKER,6
BAKU,2
BALBOA,3
BALDWIN,2
BALEIA,1
BALI,4
BALISSA,1
BALL,1
BALLERINA,1
BALMAIN,1
BALOO,9
BALOT,1
BALTHAZAR,3
BALTHAZER,1
BALTHUS,1
BALTO,13
BALU,2
BAM,29
BAMA,2
BAMBA,4
BAMBAM,9
BAMBI,32
BAMBINA,4
BAMBINO,2
BAMBOO,1
BAMIE,1
BAMPO,1
BAMZ,2
BAN,1
BANANA,6
BANCROFT,1
BANDERA,1
BANDIDA,1
BANDIDO,1
BANDIE,1
BANDINO,2
BANDIT,69
BANDITO,2
BANDON,1
BANDS,1
BANE,15
BANGO,1
BANJI,1
BANJO,22
BANJOH,1
BANKS,6
BANKSY,7
BANLUO,1
BANNER,2
BANSHEE,1
BAO,3
BAOBAO,1
BAPA,1
BAPO,1
BARAK,3
BARBARA,1
BARBARITA,1
BARBI,1
BARBIE,3
BARCLAY,2
BARCLEY,1
BARD,1
BARDEN,1
BARDO,1
BARDOT,2
BARKAVIOUS,1
BARKIS,1
BARKLEY,24
BARKLY,1
BARKUS,1
BARKY,1
BARLEY,8
BARLOW,1
BARNABEE,1
BARNABY,10
BARNACLES,1
BARNES,2
BARNEY,29
BARON,11
BARONE,1
BARONESS,1
BARRERA,1
BARRETT,1
BARRON,2
BARRY,8
BARS,1
BART,6
BARTHOLOMEW,1
BARTLET,2
BARTLETT,1
BARTON,2
BAS,1
BASCO,1
BASEL,1
BASHA,1
BASIA,1
BASIL,15
BASKETS,1
BASQUIATORIGINALLY,1
BASSIE,2
BASTAUROSS,1
BASTIAN,1
BATES,1
BATGIRL,1
BATI,1
BATMAN,15
BATO,1
BATTLECAT,1
BATTY,1
BATU,1
BATYA,1
BAUER,1
BAXTER,59
BAXTERBEAR,1
BAY,2
BAYA,1
BAYBEE,1
BAYGL,1
BAYLEE,4
BAYLENE,1
BAYLEY,1
BAYMAX,2
BAZ,2
BAZI,1
BAZINGA,1
BAZOOKA,1
BB,7
BBANG,1
BBO,1
BE,2
BEA,8
BEACON,3
BEAKER,3
BEAL,1
BEAMA,1
BEAMER,3
BEAN,17
BEANIE,6
BEANS,9
BEANY,1
BEAR,139
BEARDEN,1
BEARWOLF,1
BEAST,6
BEASTIE,2
BEASTY,1
BEATRICE,10
BEATRIX,7
BEATRIZ,1
BEATTIE,1
BEAU,46
BEAUFORT,1
BEAUJOLAIS,1
BEAUMONT,1
BEAUREGARD,3
BEAUTIFUL,1
BEAUTY,18
BEAUX,4
BEBA,3
BEBE,21
BEBEBIRMA,1
BEBO,4
BEBOP,1
BECANI,1
BECCA,6
BECK,1
BECKET,2
BECKETT,3
BECKHAM,8
BECKUM,1
BECKY,11
BEDELIA,1
BEDFORD,1
BEE,2
BEEBEE,1
BEEBO,1
BEECHER,1
BEEF,2
BEEFTOE,1
BEEGEE,1
BEEKER,1
BEEMER,4
BEEMO,2
BEENIE,1
BEEPER,1
BEETHOVEEN,1
BEETHOVEN,11
BEEVO,1
BEEZUS,2
BEHR,2
BEHRR,1
BEI,2
BEIBEI,2
BEIGE,1
BEIGEA,1
BEIGNET,4
BEILE,2
BELA,8
BELINDA,2
BELIZIA,1
BELL,5
BELLA,643
BELLADORA,1
BELLAH,2
BELLAMUSHKY,1
BELLAMY,1
BELLAROSE,1
BELLATRIX,4
BELLE,55
BELLINI,3
BELLINO,1
BELLION,1
BELLO,4
BELLOU,1
BELLS,1
BELLY,1
BELMONT,1
BELOCHKA,1
BELUSA,1
BELVEDERE,1
BELVIE,1
BEN,27
BENBEN,1
BENDER,1
BENE,1
BENEDICT,4
BENGIE,1
BENI,3
BENICIO,1
BENITEZ,1
BENITHO,1
BENITO,1
BENJAMIN,37
BENJAMINHENRY,1
BENJE,1
BENJEE,1
BENJI,118
BENJIMIN,1
BENJY,2
BENNET,1
BENNETT,6
BENNIE,3
BENNO,1
BENNY,61
BENNYBOY,1
BENOIT,1
BENS,1
BENSON,17
BENTLEY,167
BENTLY,9
BENTO,2
BENTO2,1
BENTON,3
BENVOLIO,1
BENZ,5
BENZI,2
BENZINO,1
BENZY,1
BEO,1
BEOWOLF,1
BEOWULF,2
BEPPE,2
BERA,1
BERKELEY,6
BERKLEE,1
BERKLEY,2
BERKSHIRE,1
BERLIN,2
BERN,2
BERNADETTE,1
BERNANKE,1
BERNARD,6
BERNARDO,1
BERNAZAL,1
BERNICE,1
BERNIE,38
BERRI,1
BERRY,4
BERT,6
BERTA,1
BERTHA,5
BERTIE,7
BERTO,2
BES,2
BESS,2
BESSIE,11
BET,1
BETA,6
BETH,1
BETHANY,3
BETHOVEN,1
BETHUNE,1
BETI,1
BETO,1
BETSY,11
BETSYBOOP,1
BETTE,2
BETTEEBOO,1
BETTHOVEN,1
BETTIE,1
BETTY,45
BEUFORD,1
BEVERLEY,1
BEVERLY,3
BEVERS,1
BEVO,1
BEXY,1
BEY,2
BEYA,1
BEYCON,1
BEYONCE,1
BEZA,1
BHAWAN,1
BHOONNA,1
BHUMA,1
BIAGGIO,1
BIANCA,15
BIANCO,2
BIBI,15
BICHON,2
BICKFORD,1
BICOMICO,1
BID,1
BIFF,1
BIG,7
BIGA,1
BIGBY,1
BIGGIE,30
BIGSBY,4
BIJOU,4
BIJOUX,2
BIKER,1
BILBO,4
BILIL,1
BILINDA,1
BILL,4
BILLI,1
BILLIE,24
BILLINGS,1
BILLY,23
BIM,4
BIMBA,1
BIMBO,1
BINDI,5
BINDY,1
BING,1
BINGLEY,1
BINGO,11
BINGSU,1
BINKIE,1
BINKY,4
BINTY,1
BINX,1
BIRDIE,17
BIRDY,3
BIRINCLS,1
BIRKIN,1
BISBEE,2
BISCOTTI,1
BISCUIT,60
BISHOP,10
BISKET,1
BISMARCK,1
BISON,1
BISOU,1
BISOUS,2
BISQUIT,1
BISSLI,1
BITSY,5
BITTY,2
BITZY,2
BIUBIU,1
BIX,3
BIXBIE,1
BIXBY,3
BIXX,1
BIZCOCHO,1
BIZZLE,1
BIZZNIZZ,1
BIZZY,2
BJORN,1
BK,1
BLACK,4
BLACKA,1
BLACKIE,19
BLACKJACK,1
BLACKY,10
BLADE,6
BLAIR,1
BLAISE,1
BLAKE,13
BLAKY,1
BLANCA,11
BLANCHE,3
BLANCO,5
BLANKITA,1
BLANKYPOTY,1
BLANQUITO,1
BLARE,1
BLARNEY,1
BLAZA,1
BLAZE,16
BLAZER,1
BLEECKER,3
BLESSED,2
BLESSINGS,2
BLEU,15
BLEUE,1
BLING,1
BLINI,2
BLINKY,1
BLISS,1
BLITZ,5
BLIX,1
BLIZZARD,8
BLIZZITSNOW,1
BLOCKIE,1
BLONDIE,15
BLOO,2
BLOOM,1
BLOOPER,1
BLOSSOM,9
BLU,52
BLUCIELLO,1
BLUE,187
BLUEBELL,3
BLUEBERRY,1
BLUEBOY,1
BLUEGOTTI,1
BLUEIVY,1
BLUEJEAN,1
BLUEY,2
BLUFF,1
BLUIE,1
BLUTO,1
BLYTHE,1
BO,38
BOA,2
BOB,14
BOBA,8
BOBAE,1
BOBBI,2
BOBBIE,1
BOBBIN,1
BOBBLES,1
BOBBY,43
BOBBYFLAY,1
BOBDOG,1
BOBEK,1
BOBI,1
BOBKA,1
BOBKE,1
BOBO,19
BOBY,4
BOCA,1
BOCCELLI,1
BOCEPHUS,1
BOCHAN,1
BOCHY,1
BOCKY,1
BOCO,1
BODDY,1
BODE,3
BODEGA,1
BODEN,1
BODEY,1
BODHI,22
BODIE,13
BOE,1
BOEFE,1
BOETHIUS,1
BOFFIN,1
BOGART,6
BOGEE,1
BOGEY,4
BOGIE,4
BOHDI,1
BOHEME,1
BOI,1
BOISE,1
BOJANGLES,1
BOJANGLESHENRY,1
BOK,2
BOKI,1
BOKKA,1
BOKOLI,1
BOLAN,1
BOLDT,1
BOLI,1
BOLIN,1
BOLITA,1
BOLIVAR,1
BOLO,3
BOLOTA,1
BOLT,13
BOLTON,1
BOM,1
BOMBAY,1
BOMBILLO,1
BOMEE,1
BOMI,3
BOMMER,1
BONBON,2
BOND,3
BONDI,1
BONDO,1
BONES,4
BONFIGLIO,1
BONG,1
BONGNAM,1
BONGO,5
BONI,1
BONIE,1
BONITA,4
BONNI,2
BONNIE,35
BONNY,2
BONO,1
BONSAI,3
BONY,1
BONYA,1
BONZO,2
BOO,39
BOOBERRY,1
BOOBIE,2
BOOBOO,12
BOOBY,1
BOOCE,1
BOODA,1
BOODOO,1
BOOGER,1
BOOGIE,6
BOOJIBOO,1
BOOKER,2
BOOLI,1
BOOM,1
BOOMER,43
BOOMERANG,1
BOON,1
BOONE,7
BOOPSY,1
BOOSHI,1
BOOSTER,1
BOOTS,10
BOOTSY,1
BOOTZ,1
BOOZER,1
BORI,7
BORIS,12
BORRACHO,1
BORRIS,2
BORT,1
BOSCO,30
BOSCOE,2
BOSIE,1
BOSLEY,2
BOSS,5
BOSSY,1
BOSTON,10
BOSWELL,1
BOTEN,1
BOTITAS,1
BOUBOUKI,1
BOUDIN,2
BOUDREAUX,1
BOUFANT,1
BOUJIE,1
BOULDER,2
BOULI,1
BOUNCE,1
BOUNTY,1
BOURBON,9
BOURBONLEO,1
BOURLOUKO,1
BOVA,1
BOW,3
BOWERY,2
BOWIE,56
BOWMANS,1
BOWSER,7
BOWTRUCKLE,1
BOWZER,2
BOXER,1
BOY,5
BOYD,2
BOZO,1
BRAD,2
BRADBURY,1
BRADEN,1
BRADLEY,12
BRADY,37
BRAHMS,1
BRALIC,1
BRAM,1
BRANDI,19
BRANDO,7
BRANDON,4
BRANDY,28
BRANDYSOPHIA,1
BRANSON,1
BRANSTON,1
BRASCO,1
BRATHWAITE,1
BRAVE,1
BRAVO,3
BRAXTON,2
BRAYAN,1
BRAYDEN,1
BRAYLIN,1
BREA,1
BREAFFY,1
BREANNE,1
BRECCEN,1
BREE,7
BREES,1
BREESY,1
BREEYA,1
BREEZE,1
BREEZIE,1
BREEZY,2
BRENTLEY,1
BRENTON,1
BRESLIN,1
BRETON,1
BRETT,1
BREW,2
BREWER,1
BREWSKI,1
BREWSKY,1
BREWSTER,7
BRI,2
BRIAN,5
BRIANA,3
BRIANNA,1
BRIAR,1
BRICK,5
BRICKELL,1
BRICKS,1
BRIDGER,1
BRIDGET,2
BRIDGETTE,1
BRIDIE,1
BRIE,6
BRIELLE,1
BRIENNE,2
BRIGGS,2
BRIGHTLY,1
BRIGHTON,1
BRIMMEY,2
BRINDIE,1
BRINDLE,1
BRINDY,1
BRINK,1
BRINKLEY,6
BRISBY,1
BRISCO,2
BRISCOE,3
BRISKET,5
BRISKO,1
BRISTOL,2
BRISTOW,1
BRIT,1
BRITCHES,1
BRITNEY,1
BRITT,2
BRITTA,2
BRITTANY,3
BRITTNEY,2
BRIXIE,1
BRIXTON,2
BRO,1
BROADWAY,3
BROC,1
BROCCOLI,1
BROCK,7
BROCKY,2
BRODEE,1
BRODIE,8
BRODY,41
BROGAN,1
BROGDON,1
BROLY,1
BRONCO,2
BRONCOROO,1
BRONSON,7
BRONTE,3
BRONTY,1
BRONX,10
BRONZE,3
BROOGY,1
BROOK,6
BROOKE,9
BROOKLYN,112
BROOKLYNN,1
BROOKS,7
BROOKYN,1
BROWN,5
BROWNE,1
BROWNEE,1
BROWNI,2
BROWNIE,93
BROWNIEGOGGLE,1
BROWNY,8
BROWSER,1
BRU,1
BRUCE,75
BRUCELEEROY,1
BRUIN,3
BRUISER,6
BRULEE,1
BRUNA,2
BRUNIE,1
BRUNNIE,1
BRUNO,126
BRUNO RAMOS,1
BRUNOFILO,1
BRUSCHI,1
BRUSSELS,1
BRUTICUS,1
BRUTIS,1
BRUTTO,1
BRUTUS,28
BRYAN,3
BRYANT,2
BRYCE,1
BRYN,1
BRYNLEE,1
BRYNLEY,1
BRYNN,3
BRYSON,1
BRYZZO,1
BU,1
BUBA,2
BUBALOO,1
BUBBA,22
BUBBAGANOUSH,1
BUBBIE,1
BUBBLE,2
BUBBLEMILK,1
BUBBLES,21
BUBEE,1
BUBI,1
BUBLIK,1
BUBS,1
BUBU,1
BUCA,1
BUCEE,1
BUCK,4
BUCKETS,1
BUCKEYE,1
BUCKLEY,10
BUCKMINSTER,1
BUCKS,1
BUCKY,17
BUD,4
BUDA,1
BUDAH,1
BUDDAH,4
BUDDHA,13
BUDDHABEAR,1
BUDDI,1
BUDDIE,3
BUDDY,307
BUDEREAUXBUDERONIMUSBUDEROWSKI,1
BUDGET,1
BUDHA,2
BUDJIE,1
BUDWEISER,2
BUELLER,1
BUENO,1
BUFFO,1
BUFFY,17
BUFORD,1
BUG,2
BUGATTI,3
BUGGIE,1
BUGGINGTON,1
BUGGY,1
BUGHOTTI,1
BUGOY,1
BUGS,2
BUGSY,7
BUJATTI,1
BUJU,1
BUKI,1
BUKSI,2
BULA,1
BULGOGI,1
BULI,1
BULL,2
BULLDOG,1
BULLEIT,1
BULLET,9
BULLETT,1
BULLETTE,1
BULLIE,1
BULLSEYE,1
BULLWINKLE,1
BULLY,11
BULMA,1
BUMBLE,1
BUMBLEBEE,3
BUMM,1
BUMPER,2
BUMPERS,1
BUMPY,1
BUN,1
BUNK,2
BUNKY,1
BUNNIE,2
BUNNY,12
BUNSON,1
BUNTA,1
BUOY,1
BURBERRY,1
BURGEE,1
BURGER,1
BURN,1
BURNO,1
BURRITO,4
BURT,4
BURTON,1
BUSBY,1
BUSHKIE,1
BUSIA,1
BUSINKA,1
BUSSEY,1
BUSTA,3
BUSTELLO,1
BUSTELO,1
BUSTER,92
BUSY,1
BUSYA,1
BUTCH,9
BUTCHIE,1
BUTKUS,1
BUTLER,2
BUTTA,2
BUTTER,14
BUTTERCUP,17
BUTTERFLY,2
BUTTERMILK,1
BUTTERS,22
BUTTERSCOTCH,5
BUTTON,4
BUTTONS,12
BUTZIE,1
BUZZ,9
BYNO,1
BYRO,1
BYRON,2
BYSSHE,1
C,1
CAB,1
CABANA,1
CABRERO,1
CACAU,2
CACHACA,1
CACHE,1
CACHITA,1
CACHITO,1
CACHÉ,1
CACO,1
CADBURY,3
CADEN,1
CADIE,2
CADY,1
CAESAR,27
CAESEAR,1
CAESER,1
CAFE,2
CAFECITO,1
CAFFREY,1
CAGNEY,1
CAIDENCE,1
CAIFAN,1
CAILEY,1
CAILLIC,1
CAILLOU,1
CAIN,1
CAINE,3
CAIRO,15
CAIUS,1
CAJETA,1
CAKE,2
CAL,5
CALA,1
CALAMITY,1
CALCULUS,1
CALDWELL,1
CALEB,10
CALEY,1
CALHOUN,2
CALI,31
CALICO,1
CALIE,1
CALIF,1
CALIFORNIA,3
CALIMOCHO,1
CALIX,1
CALIXTE,1
CALIXTO,1
CALLA,2
CALLE,1
CALLI,3
CALLIE,35
CALLIOPE,2
CALLISTA,1
CALLY,2
CALUM,2
CALVIN,14
CALYPSO,4
CAM,5
CAMARON,1
CAMDEN,1
CAMELLIA,1
CAMERON,2
CAMI,2
CAMILA,4
CAMILLA,3
CAMILLE,1
CAMILO,1
CAMMY,1
CAMO,1
CAMOTE,1
CAMPBELL,7
CAMPER,1
CAMRRY,1
CAMRYN,1
CAMUGGI,1
CANAAN,1
CANAVAR,1
CANDACE,2
CANDEE,1
CANDELA,1
CANDENCE,1
CANDI,6
CANDICE,1
CANDLE,1
CANDRA,1
CANDY,23
CANE,2
CANELA,10
CANELITO,1
CANELLA,1
CANELO,6
CANELOS,1
CANI,2
CANNELENI,1
CANNOLI,8
CANNON,1
CANO,1
CANUTE,1
CANYON,2
CAOBA,2
CAOILAINN,1
CAOILIE,1
CAONA,1
CAP,1
CAPELLAN,1
CAPIO,1
CAPO,4
CAPONE,15
CAPPUCCINO,4
CAPPY,1
CAPRI,4
CAPRICE,1
CAPT,2
CAPTAIN,22
CAPUCHINO,1
CARA,8
CARAMEL,16
CARAMELO,5
CARBON,1
CARDAMOM,1
CARDI,2
CARERRA,1
CARI,1
CARINA,2
CARINO,1
CARISIA,1
CARL,8
CARLA,5
CARLI,2
CARLIE,1
CARLIN,1
CARLITO,7
CARLO,3
CARLOS,4
CARLOTTA,1
CARLSBERG,1
CARLTON,3
CARLY,9
CARMEL,1
CARMELA,4
CARMELITA,1
CARMELLA,2
CARMELLO,1
CARMELO,12
CARMEN,6
CARMI,1
CARMINE,4
CARNATION,1
CAROL,3
CAROLINA,4
CAROLINE,1
CARRIE,4
CARROT,3
CARSON,4
CARTER,15
CARY,3
CASALETTO,1
CASANOVA,4
CASERIO,1
CASEY,48
CASH,41
CASHEW,11
CASHMERE,2
CASHMONEY,1
CASI,1
CASINO,2
CASPER,49
CASPERHUGO,1
CASPIAN,3
CASS,2
CASSANDRA,3
CASSIAN,1
CASSIDY,8
CASSIE,25
CASSIOPEIA,1
CASSIS,1
CASSIUS,1
CASSOULETCASSIE,1
CASTANO,1
CASTIEL,1
CASTILLO,1
CASTRO,1
CAT,4
CATALINA,3
CATCH,1
CATE,1
CATERINA,1
CATFISH,1
CATHARINA,1
CATO,4
CATON,1
CATRACHITO,1
CATY,1
CAUCHY,1
CAUFIELD,1
CAUTIOUS,2
CAVA,1
CAVALIER,1
CAVAN,1
CAVATZU,2
CAYA,1
CAYDEN,1
CAYENNE,1
CAYMAN,1
CAYSEE,1
CB,1
CC,3
CE,1
CEASAR,6
CEASER,5
CECE,10
CECELIA,1
CECI,2
CECIL,2
CECILIA,4
CECILY,2
CEDAR,4
CEDRICK,1
CEE,1
CEECEE,1
CEI,1
CEILI,1
CEILIDH,2
CELESTE,2
CELINE,1
CELO,1
CEMBER,1
CENA,1
CENTURION,1
CERA,1
CERBERUS,1
CERSEI,1
CERVARIS,1
CESAR,8
CESARE,4
CEYLON,1
CEZAR,1
CHA,5
CHABLIS,1
CHACE,2
CHACHA,2
CHACHI,4
CHACI,1
CHACO,1
CHAD,1
CHADWICK,1
CHAEMI,1
CHAGO,1
CHAI,10
CHAINZ,1
CHAISON,1
CHAIT,1
CHAKA,2
CHALKEE,1
CHALKY,1
CHALUPA,2
CHAMOMILE,1
CHAMP,35
CHAMPAGNE,2
CHAMPANE,1
CHAMPER,1
CHAMPION,16
CHAMPY,1
CHANA,1
CHANCE,44
CHANCELLOR,1
CHANCEY,1
CHANCHO,2
CHANDI,1
CHANDLER,8
CHANEL,32
CHANELLE,1
CHANELLY,1
CHANGO,4
CHANNEL,3
CHANO,1
CHANSEY,1
CHANTEL,1
CHANTILLY,1
CHANTY,1
CHAOS,5
CHAP,1
CHAPIK,1
CHAPILIN,1
CHAPLIN,5
CHAPMAN,1
CHAPO,11
CHAPPIE,2
CHAPPY,4
CHAPULIN,2
CHAQUITA,1
CHARCOAL,3
CHARDONNAY,1
CHARISMA,1
CHARLA,1
CHARLEE,3
CHARLEMAGNE,2
CHARLEMANGNE,1
CHARLENE,2
CHARLES,23
CHARLEY,24
CHARLI,6
CHARLIE,514
CHARLIEMASON,1
CHARLIZE,2
CHARLOT,1
CHARLOTTE,37
CHARLY,5
CHARM,1
CHARMING,3
CHARMS,2
CHARO,2
CHAROLETTE,1
CHAROLOTTE,1
CHARTER,1
CHASE,83
CHASHAO,1
CHASTITY,1
CHAT,1
CHATA,1
CHATO,2
CHATTY,1
CHAUNCEY,6
CHAUNCY,1
CHAVEZ,1
CHAVITO,1
CHAVO,2
CHAYANNE,1
CHAZ,2
CHE,2
CHECHE,1
CHECKER,1
CHECKERS,3
CHECO,1
CHEDDAR,6
CHEEBA,2
CHEECH,5
CHEENO,1
CHEERIO,2
CHEERIOS,2
CHEESEBURGER,2
CHEESECAKE,1
CHEETAH,1
CHEETO,3
CHEETOS,1
CHEEZIT,1
CHEF,2
CHEFREE,1
CHELSEA,41
CHELSEY,1
CHEN,1
CHENA,1
CHENCHEN,1
CHENISE,1
CHER,3
CHERI,3
CHERIE,3
CHERISE,1
CHERRIE,1
CHERRY,15
CHERYL,1
CHESLIE,1
CHESNUT,2
CHESSA,1
CHESSIE,1
CHESTER,56
CHESTERFIELD,1
CHESTNUT,5
CHESTY,2
CHET,1
CHEVAH,1
CHEVRE,1
CHEVY,3
CHEW,2
CHEWBACA,2
CHEWBACCA,29
CHEWCHEW,1
CHEWE,1
CHEWEY,2
CHEWIE,41
CHEWY,83
CHEX,1
CHEYENNE,2
CHEZA,1
CHI,12
CHIACHI,1
CHIARA,1
CHIBA,2
CHIBI,5
CHICA,8
CHICAGO,1
CHICHARITO,1
CHICHARRON,1
CHICHI,14
CHICHIE,1
CHICHO,2
CHICKEN,3
CHICKEY,1
CHICKI,1
CHICKO,1
CHICKPEA,1
CHICLET,1
CHICO,49
CHIEF,7
CHIHIRO,1
CHIHUAHUA,9
CHIHUAHUAH,1
CHIKA,2
CHIKI,1
CHIKIS,1
CHIKITA,1
CHIKITO,1
CHIKKITA,1
CHIKO,4
CHIKU,2
CHIKYS,1
CHILCANO,1
CHILE,1
CHILI,8
CHILLER,1
CHILLI,1
CHIMI,1
CHIMMY,1
CHIMUELO,1
CHINA,15
CHINGCHING,1
CHINGY,1
CHINO,7
CHINOOK,1
CHINSO,1
CHINTA,1
CHIP,38
CHIPALETTA,1
CHIPOTLE,1
CHIPPER,3
CHIPPY,2
CHIPS,2
CHIPSTER,1
CHIQUI,3
CHIQUILYN,1
CHIQUIS,2
CHIQUITA,13
CHIQUITIN,1
CHIQUITO,4
CHIQUITQ,1
CHIQUY,1
CHIRI,1
CHIRO,1
CHIROLA,1
CHISHI,1
CHISPA,4
CHISPASNOWEY,1
CHISPITA,6
CHISPY,2
CHITA,3
CHIU,1
CHIVAS,1
CHIVILO,1
CHIZA,1
CHI_B,1
CHLEO,1
CHLOE,218
CHLOEE,1
CHLOER,1
CHLOIE,2
CHLOÈ,1
CHLOÉ,2
CHOBBY,1
CHOCCO,2
CHOCKO,1
CHOCLATE,1
CHOCO,20
CHOCOCRISPI,1
CHOCOLATA,1
CHOCOLATE,17
CHOCOLATTE,1
CHOCOLO,1
CHOCTAW,2
CHOFIS,1
CHOGDEE,1
CHOGIE,1
CHOJI,1
CHOKIE,1
CHOKO,3
CHOLE,3
CHOLENE,1
CHOLITA,1
CHOLITO,1
CHOLOCATE,1
CHOLULA,3
CHOMPER,3
CHOMPERS,2
CHONG,1
CHONNY,1
CHOO,1
CHOOCHI,1
CHOOCHOO,1
CHOOWY,1
CHOP,5
CHOPIN,1
CHOPO,1
CHOPPA,1
CHOPPER,11
CHOPS,2
CHOPY,1
CHORI,1
CHORIZO,2
CHORT,2
CHOSEN,1
CHOW,1
CHOWDER,3
CHOWSER,1
CHOY,1
CHRIS,3
CHRISSC,1
CHRISSY,4
CHRISTIAN,1
CHRISTIE,2
CHRISTINA,2
CHRISTINE,1
CHRISTMAS,2
CHRISTMASEVE,1
CHRISTOPHE,1
CHRISTOPHER,3
CHRISTY,2
CHRISTYANA,1
CHROMEO,1
CHRYSANTHEMUM,1
CHU,1
CHUB,1
CHUBBS,1
CHUBBY,3
CHUBS,1
CHUC,1
CHUCHA,1
CHUCHI,4
CHUCHIS,1
CHUCHO,2
CHUCHP,1
CHUCK,15
CHUCKIE,3
CHUCKLES,2
CHUCKNORRIS,1
CHUCKY,7
CHUCUP,1
CHUDA,1
CHUETO,1
CHUEY,1
CHUG,1
CHUIE,1
CHUKCHA,1
CHULA,4
CHULETA,3
CHULI,1
CHULO,3
CHUM,1
CHUMLEIGH,1
CHUMLEY,3
CHUMMY,1
CHUNGA,1
CHUNK,4
CHUNKY,1
CHUPI,1
CHURCHILL,2
CHURRO,3
CHUSA,1
CHUTLEY,1
CHUTNEY,3
CHUUI,1
CHUY,2
CHYNA,4
CHYNAH,1
CIANCIMINO,1
CIARA,1
CIBY,1
CICCIO,1
CICCIOLINARED,1
CICCY,1
CICERO,1
CICI,12
CIDER,2
CIELO,3
CILANTRO,2
CILIA,1
CILLA,1
CILLIAN,1
CINA,1
CINAMMON,1
CINCO,3
CINDERBELL,1
CINDERELLA,2
CINDI,1
CINDY,17
CINNAMON,41
CINNAMOON,1
CINNIMON,1
CINNY,2
CINTA,1
CIONA,1
CIPHER,1
CIPRIANI,1
CIRCE,1
CIRO,3
CIROC,1
CISCO,5
CISSY,1
CJ,15
CK,1
CLADDAGH,1
CLAIRE,8
CLAMS,1
CLANCY,4
CLANK,1
CLARA,14
CLARABELLE,2
CLARENCE,4
CLARESE,1
CLARICE,2
CLARINET,1
CLARK,15
CLARKE,2
CLASSY,2
CLAUDE,5
CLAUDETTE,1
CLAUDIA,2
CLAUS,1
CLAUSEN,1
CLAY,1
CLAYTON,1
CLEAVELAND,1
CLEF,1
CLEM,1
CLEMENS,1
CLEMENTE,1
CLEMENTINA,1
CLEMENTINE,21
CLEMENZA,1
CLEMMIE,1
CLEO,31
CLEODORA,1
CLEOPATRA,16
CLEOPATRACHLOEQ,1
CLHOE,1
CLICQUOT,1
CLIFF,4
CLIFFORD,5
CLINT,2
CLINTON,3
CLIO,6
CLIPPER,1
CLIVE,1
CLO,1
CLOE,3
CLOEY,1
CLOONEY,4
CLOUD,8
CLOUDHUDSON,1
CLOUDY,5
CLOVER,16
CLOVIE,1
CLOVIS,4
CLOWE,1
CLUE,1
CLUNY,1
CLYDE,31
CLYSTA,1
CLYTIE,1
CLYVE,1
CNASH,1
CO,2
COACH,5
COAL,5
COBALT,1
COBELLA,1
COBI,2
COBY,17
COCA,3
COCHISE,1
COCKACHON,3
COCO,385
COCOA,42
COCOABILLIE,1
COCOBALENCIAGA,1
COCOBERRY,1
COCOCHANEL,2
COCOLINO,1
COCONUT,15
COCOPUFF,1
COCOSHANELL,1
CODA,6
CODI,1
CODIANNE,1
CODIE,1
CODY,114
COFFEE,18
COFFEY,1
COGGIN,1
COHI,1
COJO,1
COJOE,1
COKETA,3
COKITA,1
COKO,1
COLA,3
COLBEE,1
COLBIE,2
COLBY,11
COLE,7
COLETTE,3
COLEY,1
COLIN,7
COLLAR,1
COLLETTE,1
COLLIE,1
COLLIN,1
COLLINS,1
COLOMBO,1
COLONEL,2
COLOUR,1
COLT,2
COLTRANE,2
COMANCHE,1
COMET,15
COMMANDER,1
COMPADRE,1
CONAN,9
CONCHITA,1
CONDESA,1
CONDON,1
CONDOR,1
CONEJO,1
CONFETTI,3
CONINE,1
CONNER,2
CONNI,1
CONNIE,6
CONNOLLY,1
CONNOR,7
CONOR,3
CONSUELO,2
CONTESSA,3
CONWAY,1
CONZO,1
COO,2
COOBY,1
COOCKIE,1
COOJI,1
COOKIE,164
COOKIELEE,1
COOKIES,1
COOKY,1
COOKZE,1
COOL,1
COOLEY,2
COOLIE,1
COOPER,211
COOTER,1
COPERNICO,1
COPIELU,1
COPINE,1
COPLEY,1
COPO,1
COPPER,15
COQUI,3
COQUITO,6
CORA,15
CORALINA,1
CORALINE,1
CORBIN,3
CORDELIA,2
CORDOBA,1
CORDUROY,2
COREY,3
CORGI,1
CORI,2
CORIANDER,1
CORKIE,1
CORKY,5
CORN,1
CORNBREAD,1
CORNELIUS,6
COROLLA,1
CORONA,1
CORTEZ,1
CORTNEE,1
CORTO,1
CORY,2
COSETTE,6
COSI,1
COSITA,4
COSMO,47
COSTELLO,1
COTA,1
COTON,1
COTTO,1
COTTON,19
COTUFA,1
COTY,1
COUNSEL,1
COUNTRY,1
COUPER,1
COUPON,1
COURAGE,4
COURTNEY,2
COUSTEAU,1
COUTURE,2
COW,1
COWBOY,3
COZETTE,1
COZY,2
CPT,1
CRAIG,1
CRANBERRY,2
CRASH,1
CREAM,3
CREAMY,1
CREASY,2
CREED,2
CREEKSIDES,2
CREEPY,2
CREMA,1
CRESPO,1
CRESSIDA,1
CREVANSNOW,1
CRICKET,21
CRICKETOREO,1
CRIMSON,3
CRIPPY,1
CRIS,1
CRISPIN,1
CRISPINO,1
CRISPUS,1
CRISSY,1
CRISTAL,1
CRISTHIAN,1
CRITTER,1
CRIXUS,3
CROISSANT,3
CRONUT,1
CROPSEY,1
CROQUETTE,1
CROSBY,14
CROTON,1
CROUSTY,1
CROUTON,1
CRUELLA,2
CRUFFY,1
CRUMB,1
CRUMPET,2
CRUNCHY,1
CRUSHER,1
CRUSOE,1
CRYSTAL,7
CSANOVA,1
CUADRODO,1
CUATE,2
CUATRO,1
CUB,1
CUBA,2
CUBBY,5
CUBI,1
CUBONE,1
CUCA,1
CUCCIOLO,1
CUCCY,1
CUCHY,1
CUCU,1
CUCUMBER,1
CUDA,1
CUDDLE,2
CUDDLES,10
CUDI,1
CUERVO,1
CUJO,5
CUMIN,2
CUNIE,1
CUP,1
CUPCAKE,16
CUPCUP,1
CUPID,4
CURLEY,2
CURLY,7
CURRY,1
CURTIS,6
CUSTARD,2
CUSTER,1
CUTE,1
CUTENESS,1
CUTHBERT,1
CUTIE,9
CUTIES,1
CUTTER,2
CUTTINO,1
CUZA,1
CUZCO,1
CY,1
CYAN,2
CYBER,1
CYBORG,1
CYCLOPSE,1
CYNDI,1
CYPRESS,2
CYRUS,9
CZARINA,1
CZIKA,1
D,2
DA,4
DABBY,1
DABOO,1
DACEY,1
DACHSHUND,2
DADA,1
DADDY,1
DAENARYS,1
DAENERYS,3
DAFFODIL,6
DAFFY,1
DAFNE,1
DAFRI,1
DAG,1
DAGNY,2
DAGWOOD,1
DAHLIA,3
DAIKON,2
DAISEY,1
DAISIE,1
DAISY,278
DAISYANN,2
DAISYMAE,1
DAIZY,1
DAKAR,1
DAKHOTA,1
DAKHYRI,1
DAKOTA,53
DAKOTABLU,1
DALE,2
DALEY,2
DALGI,1
DALI,1
DALIA,3
DALLAS,34
DALLY,2
DALMIN,1
DALTON,3
DALYLA,1
DAMA,2
DAMAGE,1
DAMBI,1
DAME,1
DAMIAN,1
DAMIEN,2
DAMKA,1
DAMON,3
DAN,3
DANA,3
DANCER,2
DANDI,1
DANDY,3
DANEL,1
DANERYS,1
DANG,2
DANGELO,1
DANGER,4
DANI,5
DANIA,3
DANICA,1
DANIEL,3
DANNY,14
DANNYSS,1
DANTE,23
DANY,1
DANZINE,1
DAPHNE,18
DAPPER,2
DARBY,6
DARCY,12
DARJEELING,1
DARK,1
DARLA,17
DARLENE,1
DARLING,1
DARMA,1
DARREN,1
DARROW,1
DARRYL,1
DARTAGNAN,2
DARTH,1
DARTHLILY,1
DARWIN,9
DARYL,2
DASH,29
DASHA,3
DASHELL,1
DASHER,3
DASHI,2
DASHIELL,1
DASHWOOD,1
DASIY,1
DASQUIAT,1
DATA,1
DATSYUK,1
DAU,2
DAUMAR,1
DAUTTI,1
DAVE,4
DAVENPORT,1
DAVEY,4
DAVID,6
DAVIDE,1
DAVIDIRIE,2
DAVIE,1
DAVY,2
DAWN,2
DAWSON,4
DAX,7
DAXTER,1
DAY,1
DAYDAY,1
DAYJA,1
DAYLA,1
DAYO,1
DAYSI,2
DAYTON,1
DAYTONA,2
DAYZ,1
DAYZMAYHEM,1
DAZEY,1
DAZZLER,1
DBRICKASHAW,1
DCI,1
DD,1
DDAENG,1
DDH,1
DEACON,7
DEAN,9
DEANDUKE,1
DEANO,1
DEAR,1
DEB,1
DEBBIE,5
DEBO,3
DEBOB,1
DEBORAH,1
DECCA,1
DECEASED,1
DECKER,3
DECLAN,1
DECOCOLE,1
DEDE,2
DEDEE,1
DEE,4
DEEBO,3
DEEDEE,5
DEEGAN,1
DEEJAY,2
DEENO,1
DEEOGEE,1
DEERA,1
DEEYAH,1
DEFIANCE,1
DEGA,1
DEHLIA,1
DEIDRA,1
DEIDRE,1
DEISEL,1
DEIZEL,1
DEJA,2
DEKOTA,1
DEL,1
DELA,2
DELACROIX,1
DELAIN,1
DELANO,1
DELEON,1
DELHALI,1
DELIA,1
DELIAH,1
DELICIOUS,1
DELIGHT,1
DELILA,1
DELILAH,41
DELILO,1
DELIRIUM,1
DELIZIA,1
DELL,1
DELLA,5
DELPHINE,1
DELPHINUS,1
DELROY,1
DELSIE,1
DELTA,1
DELTAMAYA,1
DELUCA,1
DELUCHE,1
DEMBE,2
DEMELZA,1
DEMENTIA,1
DEMI,3
DEMIN,1
DEMON,2
DEMPSEE,1
DEMPSEY,8
DENAHI,1
DENALI,1
DENE,1
DENHAM,1
DENI,1
DENIM,8
DENIRO,3
DENIS,1
DENISE,1
DENNIS,2
DENNY,1
DENVER,3
DENZEL,4
DEOCHAN,1
DEOGE,1
DEOGI,1
DERBY,3
DEREK,3
DERRICK,1
DERRY,2
DESDEMONA,2
DESEREE,1
DESEREY,1
DESI,4
DESILU,2
DESMOND,6
DESNITY,1
DESSA,1
DESTI,1
DESTINEY,2
DESTINY,14
DEUCE,5
DEVEREUX,1
DEVITO,1
DEVLIN,1
DEVON,1
DEWARS,1
DEWEY,9
DEWIE,1
DEWY,1
DEXTER,115
DEXTOR,1
DEXY,1
DEZ,1
DEZI,1
DEZZY,1
DHALYA,1
DHARA,1
DHARMA,1
DI,4
DIA,1
DIABLO,1
DIAGO,1
DIAME,1
DIAMOND,59
DIAMONDNIK,1
DIAN,1
DIANA,4
DIANE,2
DIAS,1
DIASY,1
DIBBLES,1
DICAPRIO,1
DICE,5
DICK,1
DICKENS,1
DIDDY,1
DIDEROT,1
DIDI,8
DIDO,1
DIECI,1
DIEGO,31
DIESEL,59
DIEZEL,1
DIGBY,3
DIGGER,2
DIGGIDY,1
DIGGIE,1
DIGGSY,1
DIGNAN,1
DIJON,3
DIKSHA,1
DILETTA,1
DILL,3
DILLAN,1
DILLINGER,1
DILLON,5
DILLY,1
DIMA,1
DIMAGGIO,1
DIMATULAC,1
DIMITRI,3
DIMPLE,1
DIMSUM,1
DINA,1
DINAH,4
DINARDO,1
DINDI,1
DINER,1
DING,2
DINGDING,3
DINGO,4
DINK,2
DINKY,1
DINO,31
DINOSO,1
DINTIE,1
DIO,2
DIOGI,2
DIOGO,1
DIOJI,3
DIOR,4
DIPP,1
DIPPER,3
DIPPYDOT,1
DIPSY,2
DIRECTEUR,1
DISCO,4
DITA,2
DIVA,23
DIVACHANNEL,1
DIVINE,1
DIVO,1
DIXIE,36
DIXIEBOOBI,1
DIXIEROSE,1
DIXON,1
DIZE,1
DIZO,1
DIZZY,6
DJ,13
DJAMEL,1
DJANGO,21
DJINN,1
DJOSAN,1
DLUKAA,1
DOAKES,1
DOBBIE,1
DOBBS,1
DOBBY,21
DOBIE,4
DOBRO,1
DOC,12
DOCE,1
DOCK,1
DOCKY,1
DOCTOR,3
DODGE,2
DODGER,9
DODI,1
DODO,3
DODOY,1
DOETEE,1
DOG,8
DOGE,1
DOGGIEGUY,1
DOGGY,2
DOGIE,1
DOGOYLE,1
DOHERTY,1
DOJO,1
DOKI,2
DOKY,1
DOLCE,22
DOLCINO,1
DOLI,1
DOLICE,1
DOLLAH,1
DOLLAR,6
DOLLIE,1
DOLLY,36
DOLLYIII,1
DOLORES,5
DOM,1
DOMI,1
DOMIE,1
DOMINIC,5
DOMINICK,2
DOMINIQUE,2
DOMINO,19
DOMINOBLEU,1
DOMINUS,1
DOMO,1
DON,5
DONA,2
DONALD,2
DONATELLA,3
DONATELLO,3
DONAVAN,2
DONKEY,1
DONKY,1
DONNA,7
DONNIE,2
DONNY,3
DONUT,9
DONUTS,1
DOO,2
DOOBIE,4
DOOBOO,2
DOODLE,5
DOODLES,2
DOOFY,1
DOOGIE,3
DOOLEY,1
DOONEY,1
DOONGE,1
DOORY,1
DOOTSIE,1
DOOYE,1
DOOZY,1
DOPEY,1
DORA,16
DORADO,1
DOREY,1
DORI,3
DORIAN,1
DORIS,5
DORITO,1
DORKIE,2
DORMOUSE,1
DOROTHY,5
DOROTY,1
DORSABELLA,1
DORSEY,1
DORTHY,1
DORY,11
DORYS,1
DOSHI,1
DOSTI,1
DOT,5
DOTS,1
DOTSIE,1
DOTTI,1
DOTTIE,25
DOTTY,4
DOU,4
DOUBLE,3
DOUDOU,3
DOUG,13
DOUGAL,1
DOUGEE,1
DOUGH,1
DOUGIE,10
DOUGLAS,4
DOV,1
DOVE,1
DOW,1
DOYLE,2
DOZER,4
DOZO,1
DR,7
DRAC,2
DRACO,5
DRACULA,2
DRAGON,5
DRAKE,7
DRAKO,2
DRAMA,2
DRAPER,3
DRCHOMPERS,1
DREAM,6
DREAMER,1
DREAMY,1
DREIDEL,1
DREJAS,1
DREW,4
DREWSHKA,1
DREXEL,1
DRIBBY,1
DRIGGS,1
DRIZZLE,1
DROID,1
DRUK,1
DRUKE,1
DRUMMOND,1
DRWATSON,1
DRYFUS,1
DUANE,1
DUBLIN,8
DUBU,2
DUBZERO,1
DUCHAMP,1
DUCHESS,22
DUCHIE,1
DUCK,3
DUCKIE,4
DUCKLING,1
DUCKY,6
DUCTHESS,1
DUDE,5
DUDEK,1
DUDELY,1
DUDLEY,9
DUDU,1
DUE,1
DUEY,1
DUFF,1
DUFFY,10
DUGAN,1
DUGANS,1
DUGLAS,1
DUKE,129
DUKEY,2
DUKIE,1
DUKY,1
DULCE,15
DULCI,1
DULCINEA,2
DULSINEIA,1
DULSINIYA,1
DUM,1
DUMA,3
DUMAI,1
DUMBLEDORE,1
DUMBO,3
DUMPLING,1
DUNCAN,27
DUNE,2
DUNKEL,1
DUNKIN,8
DUNWELL,1
DUO,1
DUODUO,2
DURANGO,1
DUSK,1
DUSKY,1
DUSTI,1
DUSTIN,1
DUSTY,17
DUSYA,1
DUTCH,17
DUTCHES,3
DUTCHESS,26
DUTCHIE,2
DUÁ,1
DVASH,1
DWAYNE,1
DWEEZIL,1
DWIGHT,1
DWYER,1
DYBO,1
DYLAN,18
DYNAMITE,2
DYNASTY,1
DYNO,1
DYSON,3
DZEKO,1
E,1
EAMES,1
EAMON,1
EAN,1
EARL,7
EARNEST,1
EASLEY,1
EASTER,1
EASTON,3
EASY,2
EATON,1
EB,1
EBBA,2
EBBIE,2
EBBY,1
EBONI,1
EBONIE,1
EBONY,4
ECHEI,1
ECHO,19
ECKO,3
ECLIPSE,1
ECO,1
EDDA,1
EDDIE,17
EDDY,5
EDEN,3
EDGAR,9
EDGY,1
EDI,1
EDIE,18
EDISON,6
EDITH,3
EDMOND,1
EDMUND,1
EDNA,1
EDUARDO,1
EDWARD,4
EDWARDS,1
EECHI,1
EEK,1
EENIE,1
EERO,1
EEVEE,11
EFE,1
EFFIE,4
EFFY,1
EGG,1
EGGBERT,1
EGGLESTON,1
EGGPLANT,1
EGGS,1
EGGY,3
EGON,1
EGOR,1
EGYPT,9
EIGER,1
EIGHT,1
EIGHT BALL,1
EILIS,1
EIN,4
EINSTEIN,17
EISENHOWER,1
EJ,1
EL,8
ELA,1
ELAINE,1
ELBERT,1
ELBY,1
ELDERADO,1
ELEANOR,27
ELEANORE,1
ELECTRA,3
ELECTRIC,1
ELEKTRA,1
ELENA,1
ELEPHANT,1
ELEVEN,1
ELFIE,1
ELI,37
ELIANE,1
ELIAS,1
ELIE,2
ELIJAH,1
ELINOR,1
ELIOT,2
ELISE,1
ELIZA,6
ELIZABELLAH,1
ELIZABETH,9
ELKE,1
ELLA,82
ELLARIA,1
ELLE,2
ELLEN,3
ELLEVEN,1
ELLI,3
ELLIE,86
ELLIEELOISE,1
ELLIOT,8
ELLIOTT,3
ELLIS,5
ELLSBERRY,1
ELLY,7
ELMER,4
ELMO,7
ELMORE,1
ELMYRA,1
ELOISE,26
ELORA,1
ELPHABA,1
ELPHIE,1
ELROY,1
ELSA,23
ELSE,1
ELSIE,9
ELTON,1
ELVIE,1
ELVIN,1
ELVIRA,3
ELVIS,47
ELWAY,1
ELWOOD,3
ELWYN,1
ELY,1
ELYSSA,1
EMBER,3
EMBERS,1
EMBONY,1
EMELIA,2
EMERALD,4
EMERENCIANA,1
EMERSON,3
EMERY,1
EMI,4
EMIK,1
EMIKO,1
EMILE,2
EMILEE,1
EMILIANA,1
EMILIE,2
EMILIO,5
EMILY,17
EMMA,84
EMME,3
EMMELIA,1
EMMET,2
EMMETT,2
EMMI,2
EMMIE,10
EMMITT,1
EMMY,20
EMMYLOU,2
EMORY,1
EMPANADA,1
EMPEROR,1
EMPRESS,2
EMRYS,1
EMSY,1
EMU,1
EMY,2
ENA,1
ENCHILADA,1
ENDER,1
ENIKO,2
ENO,1
ENRICO,1
ENVY,1
ENYA,1
ENZO,31
EOKI,1
EPI,1
EQUITY,1
ERA,1
EREBUS,1
EREN,1
ERIC,2
ERICA,2
ERIE,1
ERIN,1
ERLICK,1
ERNEST,7
ERNESTINE,1
ERNESTO,1
ERNIE,22
ERNIS,1
EROS,2
ERWIN,1
ERYN,1
ESCAMPI,1
ESCO,4
ESCOBAR,1
ESHA,1
ESHY,1
ESKI,1
ESKIMO,2
ESKO,1
ESME,3
ESMEE,1
ESMERALDAESSIE,1
ESMI,1
ESPERANZA,1
ESPN,1
ESPRESSO,5
ESPY,1
ESSO,1
ESTEFANIA,1
ESTELLA,4
ESTELLE,6
ESTHER,4
ESTRELLA,2
ESTRELLITA,1
ET,1
ETHAN,1
ETHEL,4
ETHYL,1
ETIENNE,1
ETSY,1
ETTA,6
EUCLID,1
EUGENE,4
EUGENIA,1
EULER,1
EVA,18
EVAN,1
EVANGELINE,3
EVANGELO,1
EVE,8
EVEE,1
EVELYN,3
EVEREST,4
EVERETT,1
EVERSEA,1
EVIE,22
EVITA,1
EVO,2
EVOLA,1
EWOK,3
EXCALIBUR,1
EYDIE,1
EZEKIEL,1
EZMA,1
EZRA,5
EZZIE,2
FABELHAFT,1
FABIAN,1
FABIO,2
FABLE,3
FACE,1
FACEBOOK,1
FAE,1
FAFA,2
FAFIK,1
FAGAN,1
FAGEAN,1
FAIRFAX,1
FAITH,20
FALA,1
FALCO,1
FALCON,4
FALINE,1
FALKO,1
FALKOR,1
FALLON,3
FANCIE,1
FANCY,7
FANG,1
FANGIO,1
FANGO,1
FANTASTIC,1
FARAH,1
FARFAN,1
FARFEL,1
FARFLE,1
FARGO,2
FARINA,1
FARLEY,5
FARRAH,7
FARU,1
FAT,3
FATBOY,3
FATCHI,1
FATFUTI,1
FATIMA,1
FATS,1
FATSO,1
FATTY,1
FAULKNER,1
FAUNA,1
FAWN,2
FAY,2
FAYE,7
FAYRSS,1
FCAFI,1
FDR,2
FEBE,2
FEDDI,1
FEESBEE,1
FEFE,2
FEICHAI,1
FELICIA,3
FELICIANO,1
FELICITY,3
FELIPE,2
FELIX,17
FEMA,1
FEMI,2
FENDAY,1
FENDER,1
FENDI,12
FENIMORE,1
FENNEL,1
FENNY,1
FENTON,2
FENWAY,1
FERB,1
FERDINAND,3
FERGIE,3
FERGUS,5
FERMI,2
FERN,4
FERNANDO,2
FERRARI,2
FERRERO,1
FERRIS,2
FESTER,3
FESTUS,1
FETTY,1
FEYDOR,3
FEZ,1
FEZZIK,1
FFION,1
FHAYE,1
FIA,1
FIASCO,1
FIBBI,1
FIBEE,1
FIBONACCI,1
FIDDLE,1
FIDEL,1
FIDELE,1
FIDEO,1
FIDGET,1
FIDI,1
FIDO,5
FIDORA,1
FIESTY,1
FIEVEL,2
FIFA,2
FIFI,9
FIFO,1
FIFTH,1
FIFTY,1
FIG,5
FIGA,1
FIGARO,8
FIGGY,1
FIGUEROA,2
FIJI,4
FILIJONKA,1
FILIP,1
FILLEBORN,1
FILOU,1
FIN,2
FINA,1
FINBAR,1
FINCH,3
FINDLEY,1
FINLEY,13
FINN,71
FINNEGAN,13
FINNICK,1
FINNIGAN,1
FIONA,57
FIONNA,1
FIORELLO,1
FIRE,1
FIRECRACKER,1
FIRULAYS,1
FISCAL,2
FISH,1
FISHER,4
FITCH,2
FITO,1
FITZ,8
FITZGERALD,7
FITZI,1
FITZROY,1
FITZWILLIAM,2
FIYERO,1
FIZ,2
FIZZGIG,2
FIZZY,2
FLACA,1
FLACO,1
FLAKA,1
FLAN,1
FLANDERS,1
FLANNERY,1
FLAPJACK,3
FLASH,23
FLAX,1
FLEA,3
FLEACO,1
FLETCH,1
FLETCHER,6
FLEUR,5
FLEX,1
FLEXO,1
FLIKE,1
FLINT,2
FLIP,1
FLIPPY,1
FLO,2
FLOFFY,1
FLOKEY,1
FLOKI,2
FLOOF,1
FLOOZIE,1
FLOPINA,1
FLOPPY,1
FLOPSY,2
FLOPY,1
FLOQUINHO,1
FLORA,10
FLORENCE,5
FLORIA,1
FLOSSIE,2
FLOSSYBELL,1
FLOW,1
FLOWER,1
FLOYD,11
FLUFF,3
FLUFFIE,1
FLUFFSTER,1
FLUFFY,51
FLURRI,2
FLUTIE,1
FLY,2
FLYNN,10
FLYNNDREW,1
FOFO,1
FOLIE,1
FOLLY,2
FONDUE,1
FONSO,1
FONZIE,6
FONZY,1
FOOFOO,1
FOOTA,1
FORBES,1
FORD,1
FORDHAM,1
FORDY,1
FOREST,4
FOREVER,2
FORREST,5
FORRÓ,1
FORTE,1
FORTIA,1
FORTUNE,2
FOSTER,8
FOX,8
FOXEE,1
FOXHUNT,1
FOXIE,3
FOXMASYA,1
FOXSIE,1
FOXXY,3
FOXY,35
FOXYCHULA,1
FOZZIE,8
FOZZY,2
FRAN,5
FRANCES,16
FRANCESA,1
FRANCESCA,3
FRANCESCO,1
FRANCIE,1
FRANCINE,3
FRANCIS,9
FRANCISCO,2
FRANCO,1
FRANCOIS,1
FRANGELICO,1
FRANI,1
FRANJO2,1
FRANK,31
FRANKA,1
FRANKI,2
FRANKIE,126
FRANKLIN,35
FRANKLINCITO,1
FRANKLYN,1
FRANKY,7
FRANNIE,8
FRANNY,4
FRAPPE,1
FRAPPUCCINO,1
FRASIER,5
FRAULEIN,1
FRAZIER,1
FRECKLES,8
FRED,20
FREDDIE,26
FREDDY,19
FREDERIC,1
FREDERICH,1
FREDERICK,1
FREDO,7
FREDRICK,1
FREEYA,1
FREIDALEYNA,1
FREIJA,1
FREJA,2
FREJYA,1
FRENCH,36
FRENCHEE,1
FRENCHIE,8
FRENCHTON,2
FRENCHY,4
FRESCO,2
FRESH,1
FREUD,1
FREVO,1
FREYA,11
FREYJA,5
FRICKA,1
FRIDA,31
FRIDAY,7
FRIEDA,1
FRIENDLY,1
FRIGG,1
FRIGGIT,1
FRIJOLITO,1
FRIO,1
FRISCO,2
FRISKY,4
FRITO,3
FRITS,1
FRITZ,14
FRODO,2
FROGGY,3
FROST,3
FROSTY,14
FROYO,1
FRUTTI,1
FRY,2
FU,3
FUDGE,2
FUDGEE,1
FUDGIE,1
FUFA,1
FUFI,1
FUFU,2
FUJI,4
FUKU,3
FUNFETTI,3
FUNNY,1
FUSHIMI,1
FUTRESS,1
FUTTIE,1
FUTURE,1
FUZZETTE,1
FUZZI,2
FUZZY,2
FYDO,1
FYNN,1
G,1
GABANA,1
GABAR,1
GABBANA,2
GABBANNA,1
GABBY,16
GABE,2
GABI,2
GABLE,1
GABRIEL,8
GABRIELJACKSON,1
GABRIELLA,4
GABRIELLE,4
GABY,2
GACEK,1
GACI,1
GADGET,4
GAGA,1
GAGARIN,1
GAGE,2
GAIA,3
GAL,1
GALA,3
GALAHAD,1
GALAXY,4
GALILEA,1
GALLAGHER,2
GALLARDO,1
GALLEON,1
GALVANO,1
GAMA,1
GAMBIT,7
GAMEBOY,1
GAMMA,1
GAMORA,1
GANDA,1
GANDALF,1
GANDHI,1
GANNICUS,3
GARAM,1
GARAY,1
GARBO,4
GARCI,1
GARCON,1
GARFUNKEL,1
GARGAMEL,1
GARGOYLE,1
GARLIC,2
GAROL,1
GARRET,1
GARRI,1
GARTH,2
GARY,13
GASPARD,1
GASPER,2
GASTON,4
GASTONE,1
GATEN,1
GATOR,4
GATSBY,22
GATWICK,1
GAUCHO,4
GAUDI,1
GAUGE,1
GAUSS,1
GAVIN,3
GAVR,1
GAVROCHE,1
GAWAIN,1
GAZPACHO,1
GB,1
GECKO,3
GEEBEE,1
GEHRIG,1
GELATO,2
GEM,1
GEMELLI,1
GEMINI,4
GEMMA,18
GEMMI,1
GENA,1
GENE,1
GENERAL,4
GENESIS,6
GENEVA,3
GENEVIEVE,4
GENIE,3
GENJI,1
GENNA,1
GENNARO,1
GENNIE,1
GENNY,2
GENO,3
GENOA,1
GENTLE,1
GENTLEMAN,2
GENTRY,1
GEO,1
GEOFFREY,1
GEORDI,1
GEORDIE,1
GEORGE,94
GEORGEII,1
GEORGEOUS,1
GEORGES,1
GEORGI,2
GEORGIA,22
GEORGIE,24
GEORGIO,2
GEORGISIMONE,1
GEPETO,1
GERARD,1
GERBERT,1
GERDA,2
GEREV,1
GERI,2
GERLENE,1
GERONIMO,1
GERRY,2
GERSHWIN,2
GERTA,1
GERTIE,3
GERTRUDE,5
GEUMBI,1
GFLASHY,1
GG,3
GGACHI,1
GHANA,1
GHANIMA,2
GHENET,1
GHILLIE,1
GHOST,35
GI,1
GIA,30
GIACAMO,1
GIACOMO,3
GIANNA,1
GIANNI,1
GIANT,2
GIBBS,3
GIBBY,1
GIBLET,1
GIBSON,7
GIDEON,5
GIDGET,13
GIDO,2
GIFFORD,1
GIGABYTE,1
GIGANTE,1
GIGER,1
GIGGLES,2
GIGGY,1
GIGI,64
GIGIA,1
GIGOLO,2
GILA,2
GILBERT,4
GILBERTO,1
GILDA,4
GILL,1
GILLIGAN,1
GILLMORE,1
GILLY,3
GIMBAL,1
GIMLET,1
GIMLI,2
GIN,2
GINA,11
GINABELLA,1
GINGA,1
GINGER,126
GINGERBREAD,2
GINGERS,1
GINGY,1
GINJA,1
GINKO,1
GINNIFER,1
GINNY,12
GINO,16
GINSBERG,1
GINSBURG,1
GIO,6
GIOCOSO,1
GIOIA,1
GIORDANO,1
GIORGIO,2
GIOVANNI,3
GIRL,3
GIRLY,2
GISELE,2
GISELLE,4
GISMO,1
GITANA,1
GIULIO,1
GIUSEPPE,5
GIVENCHY,1
GIZMA,1
GIZMO,137
GIZZMO,1
GIZZY,1
GJONBALAJ,1
GLACIER,1
GLADYS,1
GLASHA,1
GLASHKA,1
GLASTO,1
GLEN,1
GLENN,3
GLENNY,1
GLINDA,1
GLITTER,1
GLORIA,6
GLORY,4
GLOVES,1
GLOWY,1
GNARLY,1
GNOCCHI,6
GO,1
GOBBLES,1
GOBER,1
GOBI,2
GOBLET,1
GOBLIN,1
GOCHUJANG,1
GODALLAH,1
GODDESS,3
GODDI,1
GODFREY,1
GODIVA,3
GODRIC,2
GODS,1
GODZILLA,4
GODZUKI,1
GOFI,1
GOGI,1
GOGO,1
GOJI,3
GOKU,5
GOLDA,2
GOLDEN,3
GOLDEY,1
GOLDIE,22
GOLDY,2
GOLIATH,5
GOMA,1
GOMER,1
GOMES,1
GOMEZ,2
GOMPERS,1
GON,1
GONZALEZ,2
GONZO,3
GOOBER,4
GOOCH,2
GOOD,1
GOOEY,1
GOOFY,6
GOOGIE,1
GOOGLE,3
GOOGY,1
GOONIE,2
GOOPY,1
GOOSE,22
GORDA,2
GORDIE,2
GORDIS,1
GORDO,9
GORDON,7
GORDY,2
GORGEOUS,1
GORGI,1
GORGIE,1
GORGONZOLA,1
GOSSAMER,1
GOSSY,1
GOSTOSO,1
GOTHAM,4
GOTTI,8
GOUDA,3
GOUMBA,2
GOVERNOUR,1
GOZER,2
GRACE,34
GRACEE,1
GRACEY,1
GRACI,1
GRACIE,109
GRACIEGARBO,1
GRADY,5
GRAEY,1
GRAFFITI,1
GRAHAM,7
GRANT,4
GRAPENUT,2
GRAPHITE,1
GRAPPA,1
GRAULICH,1
GRAVY,3
GRAY,1
GRAYCEE,1
GRAYSON,9
GRECO,1
GREEN,1
GREER,1
GREFF,1
GREG,4
GREGG,1
GREMLIN,3
GRETA,16
GRETCHEN,5
GRETE,2
GRETEL,4
GRETTA,1
GRETZKY,4
GREY,8
GREYHAME,1
GREYSON,6
GRIEVER,1
GRIFF,1
GRIFFEY,2
GRIFFIN,18
GRIFFY,1
GRIM,3
GRIMM,1
GRIMSBY,1
GRIMSLY,1
GRINGA,1
GRINGO,1
GRIP,1
GRISSLEY,1
GRITZ,1
GRIZELDA,1
GRIZZ,1
GRIZZLY,12
GROMIT,1
GRONK,1
GROOT,3
GROVER,4
GROWLITHE,1
GRUMBLES,1
GRUMP,1
GRUNDY,1
GRUNT,1
GRYFFIN,1
GRYFFINDOR,3
GRYPHON,1
GRZESIK,1
GTAZ,1
GUACAMOLE,2
GUAGE,1
GUAGUA,1
GUAI,1
GUAIGUAI,1
GUALPA,1
GUAPO,9
GUARDIAN,1
GUCCI,29
GUCI,1
GUDINDE,1
GUERO,1
GUGGENHEIM,1
GUILIETTA,1
GUILLERMINA,1
GUILLERMO,1
GUINESS,1
GUINNESS,20
GUITY,1
GULLIVER,3
GUMBEAUX,2
GUMBO,3
GUMDROP,1
GUMPY,1
GUNILLA,1
GUNNA,1
GUNNAR,5
GUNNER,17
GUNNERZ,1
GUNNY,1
GUNTER,3
GUNTHER,8
GUPPY,1
GURI,1
GURU,1
GUS,68
GUSGUS,1
GUSS,4
GUSSIE,2
GUST,1
GUSTAL,1
GUSTAV,2
GUSTAVO,6
GUSTER,1
GUSTINE,1
GUTHRIE,1
GUTOV,1
GUY,8
GUZU,1
GWEN,6
GWENDOLYN,2
GWENETH,1
GWENEVERE,1
GWENNY,1
GWLADYS,1
GWYN,1
GWYNETH,1
GYPSY,20
GYPSYROSE,1
GYRO,1
GYZMO,2
H,1
HABBIE,1
HABIBI,1
HABOO,1
HACHI,21
HACHIE,1
HACHIKO,1
HACHIMIKO,1
HACHIPAYANO,1
HADDIE,2
HADES,2
HADID,1
HADLEY,2
HADOOP,1
HAEZE,2
HAGAR,1
HAGGIS,1
HAGLER,1
HAGRID,1
HAHA,2
HAIDA,1
HAILEY,18
HAILI,1
HAILIE,1
HAKAN,1
HAKU,3
HAL,2
HALE,1
HALEY,8
HALI,1
HALINA,1
HALK,1
HALLE,1
HALLEY,2
HALLI,1
HALLIE,4
HALLIGAN,1
HALLOUMI,1
HALLY,1
HALO,12
HALONA,1
HALSEY,2
HAM,3
HAMIDA,1
HAMILTON,16
HAMISH,3
HAMLET,13
HAMMER,2
HAMMOND,1
HAMMY,2
HAMP,1
HAMPTON,3
HAN,4
HANA,10
HANAKO,1
HANDSOM,1
HANDSOME,4
HANGBOK,1
HANK,51
HANLEY,1
HANNA,3
HANNAH,21
HANS,9
HANSEE,1
HANSEL,3
HANSEN,1
HANSI,1
HANUL,1
HANUMAN,1
HANZO,1
HAPA,1
HAPPIE,1
HAPPINESS,1
HAPPY,42
HARDEN,1
HARDY,2
HAREL,1
HARELY,1
HARLAN,1
HARLEE,3
HARLEM,14
HARLEQUIN,1
HARLEY,134
HARLEYQUINN,1
HARLIE,3
HARLO,1
HARLOW,13
HARLY,1
HARMONY,3
HAROLD,2
HARPER,38
HARPO,1
HARPUR,1
HARRIET,5
HARRIETT,2
HARRIS,2
HARRISON,11
HARRY,58
HART,1
HARU,3
HARVE,1
HARVEST,1
HARVEY,40
HASHBROWN,2
HASHI,2
HASKELL,1
HASSIE,1
HASTING,1
HASTY,1
HATCHI,3
HATCHIE,1
HATIKO,1
HATTHIE,1
HATTIE,7
HATTON,1
HATY,1
HAUNDO,1
HAVANA,3
HAVANESE,8
HAVAPOM,1
HAVEN,1
HAVIER,1
HAVOC,3
HAWAI,1
HAWK,5
HAWKEYE,3
HAWKINS,1
HAYBAIL,1
HAYDEN,3
HAYLEE,2
HAYLEY,5
HAYLOH,1
HAYWOOD,1
HAZARD,1
HAZE,4
HAZEL,94
HAZELET,1
HAZELMAY,1
HAZELNUT,3
HAZTAC,1
HEADY,1
HEART,1
HEARTY,1
HEATH,4
HEATHCLIFF,1
HEATHER,1
HEAVEN,3
HECTOR,2
HEDI,1
HEDWIG,1
HEDY,1
HEIDI,22
HEIMDALLR,1
HEIMI,1
HEINRICH,3
HEINZ,1
HEIR,1
HELEN,7
HELENA,2
HELENE,1
HELGA,2
HELIOS,1
HELO,1
HELSINKI,1
HEMAN,2
HEMI,1
HEMINGWAY,1
HEMMINGWAY,1
HEN,2
HENCHI,1
HENDERSON,1
HENDRICK,1
HENDRICKS,1
HENDRIX,13
HENDRIXX,1
HENESSEY,1
HENLEY,2
HENNA,1
HENNESSEY,1
HENNESSY,11
HENNESY,1
HENNEY,2
HENNI,1
HENNX,1
HENNY,10
HENRETTA,1
HENRI,11
HENRICK,1
HENRIETTA,5
HENRIK,5
HENRY,119
HENRYNICHOLS,1
HEPBURN,2
HEPPER,1
HERA,10
HERB,2
HERBERT,2
HERBIE,7
HERC,1
HERCS,1
HERCULES,47
HERCULEZ,1
HERISSON,1
HERK,1
HERMAN,7
HERMANN,1
HERMES,4
HERMIA,1
HERMIE,2
HERMINE,2
HERMIONE,2
HERO,11
HERSCHEL,1
HERSCHELL,1
HERSHEL,1
HERSHEY,41
HERSHIE,2
HESTER,1
HETTIE,1
HEYLA,1
HEZI,1
HICCUP,1
HICKORY,1
HIDEKITO,1
HIGGINS,3
HIGGS,1
HIGH,1
HIGHBURY,1
HIGHWAY,1
HILARY,1
HILDA,2
HILDE,1
HILDI,1
HILDIE,1
HILDY,1
HILLARY,4
HILLY,1
HINCKLEY,2
HINDLEY,1
HINES,1
HIPPO,1
HIRO,12
HIROKI,1
HISZUKIE,1
HITCH,2
HITCHENS,1
HITOSHI,1
HIVA,1
HOAGIE,2
HOBBES,9
HOBBIT,2
HOBBLE,1
HOBIE,2
HOBSON,1
HODGY,1
HODOR,3
HOFFMAN,1
HOGAN,5
HOJO,1
HOLDEN,1
HOLIDAY,3
HOLLAND,2
HOLLI,1
HOLLIS,1
HOLLY,62
HOLLYBRIAR,1
HOLLYWOOD,1
HOLU,1
HOMEGIRL,1
HOMER,14
HOMIE,1
HONDA,2
HONDO,1
HONEY,73
HONEYBEE,1
HONEYBUN,3
HONEYCOMB,1
HONEYDEW,1
HONEYMOON,1
HONIE,1
HONNIE,1
HONOR,2
HOOCH,1
HOOK,1
HOOPER,1
HOOSIER,1
HOOTIE,1
HOOVER,2
HOPE,32
HOPPER,2
HOPPIE,1
HOPS,2
HOPSCOTCH,1
HORATIO,2
HORTON,1
HOSANNA,1
HOSHI,3
HOSS,1
HOT,2
HOTDOG,1
HOUDINI,6
HOUND,2
HOUSTON,8
HOVA,2
HOWARD,3
HOWDY,1
HOWIE,7
HOXIE,1
HOY,1
HOYT,1
HOYTE,1
HRDEST,1
HU,1
HUAN,1
HUARACHE,1
HUBERTO,1
HUCK,6
HUCKLEBEAR,1
HUCKLEBERRY,7
HUDSON,77
HUEY,8
HUGGIE,1
HUGHIE,1
HUGO,52
HUKU,1
HULA,2
HULK,3
HUMAN,1
HUMBERT,1
HUMBLE,1
HUMPERDINCK,1
HUMPHREY,14
HUNCUT,1
HUNDLEY,1
HUNKA,1
HUNNIE,2
HUNNY,3
HUNT,1
HUNTER,86
HURLEY,2
HURON,1
HURRICANE,3
HUSOS,1
HUSTLE,1
HUTCH,6
HUTTS,1
HUX,1
HUXLEY,10
HYACINTH,1
HYDIE,1
HYDRA,1
HYLAN,1
HYMAN,1
HYPE,1
HYRO,1
IAGO,1
IAN,4
ICARUS,1
ICE,17
ICEMILLER,1
ICESIS,1
ICEY,3
ICHI,1
ICHIBOO,1
ICHIGO,1
ICO,1
ICY,2
IDA,5
IDARED,1
IDGIE,2
IENGO,1
IGBY,2
IGGY,18
IGLOO,1
IGNACIO,1
IGNATIUS,2
IGOR,1
IGUAZU,1
IJ,1
IKA,2
IKE,12
IKER,1
IKO,2
ILLI,1
ILLINOIS,1
ILSA,1
ILYA,1
IMA,1
IMAN,2
IMANI,2
IMELDAMARCOS,1
IMOEN,1
IMOGENE,1
INANNA,1
INARA,1
INCA,1
INDA,1
INDEPENDANCE,1
INDI,2
INDIA,8
INDIAN,1
INDIANA,21
INDIE,13
INDIGO,9
INDIRA,1
INDIVINO,1
INDUS,1
INDY,17
INFANTE,1
INFINITY,1
INGA,2
INGRID,1
INIGO,1
INKITO,1
INKY,2
INNA,1
INNIS,1
INNOKO,2
INSPECTOR,1
INTERNICOLA,1
INTI,1
INU,2
INUWA,1
INUYASHA,1
IO,1
IOWA,1
IPO,1
IRA,3
IRENE,1
IRIE,2
IRINA,1
IRIS,12
IRISH,1
IRMA,1
IRON,2
IRONS,1
IRVING,5
IRYNA,1
ISA,1
ISAAC,4
ISABEAU,1
ISABEL,2
ISABELLA,26
ISABELLE,7
ISADORA,2
ISAS,1
ISBELL,1
ISHEO,1
ISHKA,2
ISIS,19
ISLA,3
ISLAND,2
ISLAY,3
ISLES,1
ISOBEL,1
ISOLDE,1
ISRAEL,1
ISSA,1
ISSY,1
ISUFI,1
ISYS,2
ITA,1
ITACHI,2
ITALIAN,1
ITSY,1
ITTO,1
ITTY,1
IVAN,5
IVANA,1
IVANKA,1
IVORY,11
IVY,31
IWA,1
IZABELLA,1
IZE,1
IZOLDA,1
IZZABELL,1
IZZE,2
IZZIE,4
IZZY,43
IZZYBELLA,1
IZZYISABELLA,1
J,3
JABI,1
JABOOGIE,1
JABRONSKA,1
JACE,2
JACEY,2
JACK,159
JACKALOPE,2
JACKIE,31
JACKJACK,1
JACKO,1
JACKPOT,1
JACKS,2
JACKSON,96
JACKTANNENBAUM,1
JACKY,4
JACO,4
JACOB,23
JACOBI,1
JACQUE,1
JACQUELINE,3
JACQUES,5
JACQUESIMO,1
JACQUIMO,1
JACS,1
JADA,11
JADE,19
JADON,1
JADOO,1
JAEDA,1
JAEZI,1
JAGA,2
JAGER,1
JAGERMEISTER,1
JAGGER,11
JAGUAR,1
JAH,2
JAHI,1
JAI,3
JAICEE,2
JAIDEN,1
JAIME,1
JAISE,1
JAJA,1
JAKE,111
JAKELOUIS,1
JALAPENO,1
JAM,3
JAMAICA,1
JAMAL,1
JAMBO,1
JAMBRESS,1
JAMES,13
JAMESON,15
JAMIE,10
JAMILO,1
JAMISON,1
JAMMER,2
JAMMIE,1
JAMMU,1
JAMMY,1
JAMO,1
JAMON,1
JAMPY,1
JANA,2
JANE,14
JANEANE,1
JANEE,1
JANET,3
JANEY,1
JANGO,1
JANIE,1
JANINE,1
JANIS,2
JANISSA,1
JANKEE,1
JANSEY,1
JANUARY,3
JANY,1
JAPHY,2
JAQ,1
JAQUEZ,1
JAQUITA,1
JAROD,1
JARVIS,7
JASEGALANTE,1
JASIMINE,1
JASMIN,3
JASMINE,24
JASON,5
JASONI,1
JASPER,104
JASSE,1
JASTONGAGE,1
JAVA,10
JAVI,2
JAVIER,6
JAWS,4
JAWZ,1
JAX,126
JAXI,1
JAXON,5
JAXS,2
JAXSON,7
JAXX,10
JAXXON,1
JAXY,2
JAY,25
JAYBEAR,1
JAYCE,4
JAYCEE,1
JAYDE,2
JAYDEN,3
JAYJAY,7
JAYLA,1
JAYMO,1
JAYNA,1
JAYNAY,1
JAYSON,1
JAYZ,3
JAZMINE,6
JAZMYN,1
JAZPER,1
JAZZ,11
JAZZI,1
JAZZIE,4
JAZZY,18
JB,1
JC,4
JD,2
JEA,1
JEAN,1
JEANETTE,2
JEANIE,2
JEANLUC,1
JEB,1
JED,2
JEDA,1
JEDDAII,1
JEDEDIAH,1
JEDI,4
JEFE,3
JEFF,9
JEFFERSON,8
JEFFREY,6
JEFFRY,1
JEFFY,2
JEIRA,1
JELLA,1
JELLAL,1
JELLY,14
JELLYBEAN,3
JELLYROLL,1
JEM,2
JEMG,1
JEMIMAH,1
JEMMA,3
JEN,1
JENA,1
JENGA,1
JENKINS,1
JENKS,1
JENNA,2
JENNIFER,4
JENNIFUR,2
JENNINGS,2
JENNY,21
JENZIE,1
JEOPARDY,1
JERALLY,1
JEREMIAH,1
JEREMY,3
JEROME,1
JERONIMO,1
JERRY,25
JERSEY,19
JERSEYGIRL,1
JERZEE,1
JERZEY,1
JESS,2
JESSA,1
JESSANDO,1
JESSE,22
JESSI,3
JESSICA,3
JESSIE,17
JESSY,4
JESTER,2
JESUS,1
JET,12
JETA,1
JETER,20
JETHRO,4
JETRO,1
JETSON,1
JETT,9
JETTA,2
JETTY,2
JEWEL,4
JEWELS,1
JEYRAN,1
JEZEBEL,3
JEZZA,1
JG,1
JHI,2
JI,1
JIGGS,1
JIGS,1
JIGSAW,2
JILL,5
JILLIAN,1
JILLY,2
JIM,4
JIMBO,1
JIMI,2
JIMMY,24
JIN,4
JINGLE,4
JINGLES,2
JINGU,1
JINIELLYZ,1
JINJIN,1
JINKX,1
JINPA,1
JINX,6
JIONNI,1
JIRO,1
JITS,1
JIU,1
JIVE,1
JJ,21
JJDORJAY,1
JJINBBANG,1
JLO,1
JO,9
JOAN,2
JOANY,1
JOBE,1
JOBI,1
JOBS,1
JOCKAMO,1
JOCKO,1
JODEY,1
JODI,1
JODIE,2
JODY,2
JOE,12
JOEJOE,1
JOEL,1
JOEPA,1
JOEY,65
JOFI,1
JOHN,9
JOHNATHAN,1
JOHNNIE,1
JOHNNY,11
JOHNSON,3
JOIE,3
JOJEE,1
JOJI,1
JOJO,40
JOLEI,1
JOLENA,1
JOLENE,6
JOLIE,4
JOLIETTE,1
JOLLY,2
JOLT,1
JONAH,2
JONAS,1
JONES,5
JONEWMAN,1
JONI,3
JONJON,1
JOOMLA,1
JOON,2
JOPLIN,2
JORDAN,18
JORDI,2
JORDIE,2
JORDY,2
JOSEFINA,1
JOSELYN,1
JOSEPH,1
JOSEPHINA,2
JOSEPHINE,2
JOSEPHUS,1
JOSETTE,1
JOSEY,1
JOSH,5
JOSHI,1
JOSHUA,1
JOSIE,33
JOSSEY,2
JOST,1
JOSY,1
JOSÉ,1
JOUDEH,1
JOULES,1
JOURNEY,1
JOURNI,1
JOVI,2
JOVIE,1
JOXER,2
JOY,17
JOYG,1
JR,5
JT,1
JUAN,3
JUANA,1
JUANI,1
JUANITA,1
JUANITO,1
JUBILEE,1
JUCA,1
JUCALANI,1
JUDAH,1
JUDE,7
JUDGE,4
JUDY,11
JUELZ,1
JUFFYN,1
JUICE,5
JUICY,9
JUJU,8
JUKES,1
JULEP,4
JULES,8
JULI,1
JULIA,4
JULIAN,2
JULIANA,1
JULIANNE,1
JULIANNI,1
JULIE,15
JULIET,10
JULIETA,1
JULIETTA,1
JULIETTE,5
JULIO,2
JULIP,1
JULIUS,6
JULY,2
JUMAH,1
JUMPER,2
JUMSI,1
JUNA,1
JUNE,24
JUNEAU,4
JUNEBUG,3
JUNGIE,1
JUNGLEE,1
JUNGLI,1
JUNI,1
JUNIE,4
JUNIM,1
JUNIOR,49
JUNIPER,12
JUNITO,1
JUNO,31
JUNOT,1
JUPITER,11
JURO,1
JUSTICE,9
JUSTIN,11
JUSTINE,1
JUVIE,1
JYNGER,1
JYNX,1
JYOTI,2
JZ,1
K,2
K9,1
KAAYA,1
KABOOZE,1
KACEY,4
KACHINA,1
KACY,1
KADDEY,1
KADEN,1
KADHU,1
KADLEKAI,1
KADU,1
KAFKA,1
KAGAN,1
KAGOME,1
KAHALA,1
KAHLO,1
KAHLUA,4
KAHULA,1
KAHUNA,1
KAI,22
KAIA,7
KAIANNE,1
KAIDA,1
KAIDAN,1
KAIGEN,1
KAIJU,2
KAILANI,2
KAILEA,1
KAILEY,2
KAILI,1
KAILY,1
KAINE,1
KAIOKO,1
KAIPO,1
KAIRA,1
KAIRI,2
KAIRO,1
KAISER,12
KAIYA,1
KAIZER,1
KAJA,1
KAJU,2
KAKIHARA,1
KAKURIEV,1
KALA,5
KALANI,2
KALBI,1
KALE,5
KALEB,2
KALEEFS,1
KALEL,1
KALEY,2
KALI,14
KALISI,1
KALKIDAN,1
KALLIOPE,1
KALLYN,2
KALONA,1
KALUA,1
KALUMBA,1
KALY,1
KAMI,4
KAMIKO,1
KANDI,2
KANDIE,2
KANDINSKY,1
KANDY,4
KANE,29
KANGA,2
KANHA,1
KANJI,1
KANO,3
KANSAS,1
KAPLAN,1
KAPOK,1
KAPTAIN,2
KARA,7
KARAT,1
KARATE,1
KAREEM,2
KAREN,2
KARHU,1
KARIME,1
KARIN,1
KARJANI,1
KARL,5
KARLIE,1
KARMA,12
KARMEN,1
KAROLINA,1
KARY,1
KASEY,7
KASH,4
KASHA,2
KASHI,2
KASHMERE,1
KASHMIR,1
KASPER,5
KASPUR,1
KASSIE,2
KAT,1
KATA,1
KATAN,1
KATARA,2
KATARAH,1
KATE,9
KATEY,2
KATHAPUPPY,1
KATHERINE,1
KATHY,1
KATIE,32
KATIESHELBY,1
KATLA,1
KATNISS,2
KATO,16
KATRINA,1
KATSU,1
KATTIE,1
KATY,1
KATYA,3
KAUI,1
KAWAII,1
KAY,2
KAYA,14
KAYCEE,6
KAYDEN,2
KAYDOA,1
KAYLA,15
KAYLEE,11
KAYLEEN,2
KAYLEIGH,1
KAYLEY,1
KAYNA,1
KAYO,1
KAYTI,1
KAYTO,1
KAZ,1
KAZDELL,1
KAZE,1
KAZU,2
KAZUMA,1
KAZZI,1
KB,1
KC,5
KD,1
KEA,1
KEANE,1
KEANO,1
KEANU,6
KEARSARGE,1
KEATON,2
KEATS,1
KEAVA,1
KEBAB,1
KEBE,1
KEEBLER,2
KEEGAN,1
KEELA,1
KEELEY,1
KEEMO,2
KEEPER,2
KEF,1
KEHLANI,2
KEI,1
KEIDO,1
KEIKI,1
KEIKO,7
KEILO,1
KEILY,1
KEIMANI,1
KEIRA,3
KEITH,3
KEKE,2
KELANI,1
KELEV,4
KELISEE,1
KELLAN,1
KELLI,1
KELLIE,4
KELLS,1
KELLY,11
KELPIE,1
KELSEY,2
KELSO,3
KELTON,1
KELTY,1
KELVIN,2
KEMAR,1
KEMBA,3
KEMBO,1
KEMET,1
KEN,3
KENAI,3
KENDALL,1
KENGA,1
KENICKY,1
KENJI,9
KENJOS,1
KENLY,1
KENNA,1
KENNEDY,8
KENNETH,1
KENNEY,1
KENNY,11
KENNY39S,1
KENO,1
KENOBI,1
KENSEY,1
KENSHI,1
KENSI,1
KENSIE,1
KENSINGTON,4
KENTUCKY,2
KENZI,5
KENZIE,2
KENZO,2
KENZOE,1
KEOKI,1
KEPLER,2
KERMIT,4
KERNEL,1
KERO,1
KERRY,2
KERYN,1
KESHU,2
KESSEY,1
KETCHIEN,1
KETCHUM,1
KETCHUP,3
KEVIN,16
KEY,1
KEYCHE,1
KEYLA,1
KEYNO,1
KHAL,2
KHALEESI,16
KHALESSI,1
KHALI,1
KHAMRA,1
KHAN,1
KHANELA,1
KHANNIE,1
KHATAMAH,1
KHAYA,1
KHIONE,2
KHLOE,40
KHLOEBELLA,1
KHLOÈ,1
KHOAL,1
KHOLE,5
KHUSHI,2
KI,1
KIA,2
KIAM,2
KIANNA,1
KIARA,6
KIARITA,1
KIARYS,1
KIBA,5
KIBBLES,1
KIBBOUTZ,1
KIBI,1
KIBO,2
KID,1
KIDDO,1
KIDO,1
KIEDIS,1
KIEKKO,1
KIERA,2
KIEZER,1
KIIRO,1
KIKA,4
KIKI,38
KIKO,9
KIKYO,1
KILAY,1
KILEY,1
KILIX,1
KILLA,4
KILLER,1
KILLIAN,2
KILO,13
KIM,4
KIMA,3
KIMBA,6
KIMBELLA,1
KIMBER,3
KIMBERLY,1
KIMBO,4
KIMCHEE,2
KIMCHI,11
KIMI,4
KIMMIE,1
KIMMY,1
KIMO,1
KIMORA,1
KINA,1
KINAKO,1
KINARA,1
KINDER,1
KING,151
KINGDOM,1
KINGSFORD,1
KINGSLEY,7
KINGSMAN,1
KINGSTON,13
KINJE,1
KINK,1
KINLEY,1
KINO,6
KINSEY,1
KINTO,1
KINU,1
KION,1
KIP,7
KIPLING,2
KIPO,1
KIPPER,5
KIPPY,2
KIRA,15
KIRBI,1
KIRBY,17
KIREI,1
KIRIN,1
KIRK,1
KIRKITADZE,1
KIRKLAND,1
KIRO,2
KISMET,2
KISS,1
KISSES,6
KISSY,2
KIT,6
KITA,3
KITANA,1
KITKAT,2
KITKO,1
KITO,1
KITSUNE,4
KITT,1
KITTY,7
KITU,1
KIVA,1
KIWI,18
KIX,2
KIZMET,1
KIZZY,3
KJ,2
KKAMI,1
KKOMIE,1
KLAUS,12
KLOE,3
KLOEE,1
KLONDIKE,2
KLOUD,1
KLOVY,1
KLYDE,1
KMILA,1
KNEIDEL,1
KNIBLOE,1
KNIGHT,3
KNOBEE,1
KNOPA,1
KNOX,8
KNOXVILLE,1
KNOXX,1
KNUCKLES,8
KNYTE,1
KOA,11
KOBA,2
KOBE,40
KOBI,8
KOBY,11
KOCHI,1
KOCO,1
KOCOUM,1
KODA,41
KODAH,1
KODAK,3
KODI,13
KODIAK,5
KODY,14
KOGA,1
KOHB,1
KOI,1
KOJI,3
KOJO,1
KOKAINE,1
KOKI,3
KOKIO,1
KOKO,33
KOKOI,1
KOKOKONG,1
KOKOMO,2
KOKORO,1
KOLA,4
KOLCHAK,1
KOLE,1
KOLESNIKOV,1
KOLI,1
KOLONA,1
KOMALI,1
KOMET,1
KONA,24
KONAKAEA,1
KONALA,1
KONCHAKOVSKIY,1
KONG,4
KONGO,1
KONRAD,1
KONTA,1
KONY,1
KOOCKY,1
KOOKIE,1
KOOPA,1
KOPI,1
KOPITO,1
KOR,1
KORA,5
KORBEN,1
KORBIT,1
KORE,1
KOREA,1
KOREY,1
KORI,1
KORO,1
KORRA,6
KORYCKI,1
KOSAR,1
KOSMO,5
KOSTA,1
KOTA,3
KOTI,1
KOUFAX,1
KOUKLA,2
KOURTNEY,1
KOUTURE,1
KOVA,1
KOVI,1
KOVU,2
KOYA,1
KOYUKI,1
KOZMO,1
KPOP,1
KRAFT,1
KRAKKEN,1
KRAMER,3
KREMBO,1
KREPLACH,1
KRIKKIT,1
KRIMSON,1
KRINGLES,1
KRISHNA,1
KRISSY,1
KRISTA,1
KRISTI,1
KRISTINA,1
KRISTOFFERSON,2
KRONUS,1
KROWA,1
KRUGER,1
KRYPTO,6
KRYSTAL,2
KSUYSHA,1
KUAILE,1
KUBA,1
KUBIAK,1
KUBO,3
KUDDHA,1
KUDOS,1
KUJO,1
KUKA,1
KUKLA,1
KUKU,1
KUKY,1
KULU,1
KUMA,17
KUMAGORO,1
KUMI,1
KUMO,1
KUNA,1
KUNAI,1
KUNALI,1
KUP,1
KUPCAKES,1
KUPER,1
KURA,2
KURI,1
KURO,6
KURRIE,1
KURT,1
KURUMI,1
KUSH,5
KUTCHER,1
KUTE,1
KUTIEPIE,1
KUZCO,1
KUZY,1
KUZYA,2
KWEENIE,1
KYA,2
KYANDI,1
KYDA,1
KYE,1
KYLA,1
KYLE,7
KYLIE,7
KYLO,1
KYMBELLA,1
KYO,2
KYOTO,1
KYRA,6
KYRIE,2
KYRO,3
KYSER,1
KYUBI,1
KYUUBI,1
L,1
LA,2
LAALAH,1
LABRADOR,2
LACEE,1
LACEY,30
LACHLAN,2
LACI,2
LACIE,4
LACY,6
LAD,1
LADDIE,1
LADEE,1
LADI,1
LADIEGIRL,1
LADY,148
LADY SMITH,1
LADYBIRD,6
LADYBUG,4
LADYGAGACHERBEYONCE,1
LAERTES,1
LAGO,1
LAGUNA,1
LAHLA,1
LAHLI,1
LAIKA,17
LAILA,15
LAILOU,1
LAIMA,1
LAINEY,1
LAINIE,2
LAISOOK,1
LAKI,1
LAKOTA,2
LALA,15
LALI,4
LALKA,1
LALU,1
LALY,1
LAMB,1
LAMBCHOP,3
LAMBEAU,1
LAMBERT,1
LAMBO,2
LAMIA,1
LAMPO,1
LAN,1
LANA,19
LANCE,3
LANCELOT,3
LANCER,1
LANDIN,1
LANDO,3
LANDON,3
LANDRY,2
LANENA,1
LANEY,2
LANGLEY,1
LANGSTON,1
LANI,3
LANKA,1
LANNY,1
LANSING,1
LAPHROIAG,1
LAPIS,1
LAPO,1
LARA,6
LARDON,1
LARGO,1
LARK,1
LARRY,13
LARUE,1
LARY,1
LARZARO,1
LASADE,1
LASER,1
LASKA,5
LASSIE,8
LASZLO,2
LATIKA,1
LATKE,2
LATOYA,1
LATTE,7
LAURA,5
LAUREL,1
LAVENDER,3
LAVERNE,1
LAVINIA,1
LAWRENCE,2
LAY,1
LAYAH,1
LAYCA,1
LAYCE,1
LAYDE,1
LAYLA,79
LAYLAH,2
LAYLONNIE,1
LAZARUS,5
LAZER,2
LAZIE,1
LAZLO,2
LAZY,2
LB,1
LE,1
LEA,6
LEAH,16
LEAHA,1
LEAL,2
LEANN,1
LEAP,1
LEBOWSKI,1
LEBRON,1
LECHE,2
LEE,12
LEEA,1
LEELA,11
LEELEE,2
LEELOO,9
LEELUU,1
LEFTY,2
LEGACY,1
LEGEND,3
LEGGA,1
LEGGO,1
LEGION,1
LEGO,4
LEGS,1
LEIA,39
LEICA,2
LEIF,1
LEILA,17
LEILAH,1
LEILANI,2
LEIRA,1
LELA,2
LELANI,1
LELE,1
LELENE,1
LELI,1
LELU,1
LEMMY,3
LEMO,1
LEMON,12
LENA,8
LENGUINI,1
LENI,2
LENNIE,3
LENNON,8
LENNOX,3
LENNY,19
LENOX,1
LENTIL,1
LEO,230
LEOH,1
LEOMINT,1
LEON,10
LEONA,2
LEONARD,2
LEONARDO,14
LEONARDO33,1
LEONE,1
LEONIDA,1
LEONIDAS,5
LEONITUS,1
LEOPOLD,8
LEOPOLDO,1
LEROY,13
LESKI,1
LESLIE,2
LESSIE,1
LESTAT,1
LESTER,3
LETHO,1
LETI,1
LETITIA,1
LETTIE,1
LETTY,3
LEVI,22
LEVIATHAN,1
LEVON,2
LEWIE,1
LEWIS,2
LEWY,1
LEX,8
LEXA,1
LEXI,88
LEXIE,29
LEXILU,1
LEXINGTON,13
LEXUS,7
LEXY,4
LEYLA,6
LEYLINES,1
LI,2
LIA,8
LIAKA,1
LIAM,7
LIARA,1
LIBA,1
LIBBIE,1
LIBBY,16
LIBERTY,8
LIBRA,1
LICORICE,4
LIDIA,4
LIESEL,1
LIEUTENANT,2
LIEZEL,1
LIFE,1
LIGHTENING,1
LIGHTNING,2
LIKA,1
LIL,11
LILA,32
LILAC,3
LILAH,6
LILAS,1
LILBIT,1
LILEE,1
LILI,11
LILIAN,1
LILIE,1
LILIKOI,2
LILITH,2
LILIUM,1
LILLA,1
LILLI,4
LILLIAN,1
LILLIE,7
LILLO,1
LILLY,90
LILLYANNA,1
LILLYTOTH,1
LILO,24
LILU,2
LILY,172
LILYBUG,1
LILYROSE,1
LIMA,2
LIN,1
LINA,2
LINCOLN,19
LINDA,20
LINDEN,1
LINDO,1
LINDSAY,1
LINDSEY,1
LINDY,2
LING,3
LINK,7
LINLEL,1
LINO,3
LINSEY,1
LINUS,16
LIO,2
LION,7
LIONEL,2
LIONO,1
LIP,1
LIPA,1
LIPPY,1
LIQUOR,1
LIQUORICE,1
LIRA,3
LIRALADY,1
LISA,6
LISBON,1
LISEL,1
LISKER,1
LISSIE,1
LITCHMAN,1
LITHIUM,1
LITO,2
LITTLE,42
LITTLES,2
LIU,1
LIV,2
LIVIA,3
LIVVY,1
LIVY,2
LIXY,1
LIYAH,1
LIZ,4
LIZA,8
LIZZIE,6
LIZZY,13
LJ,1
LJAI,1
LLOYD,6
LMEDICOVONDERCOYLE,1
LOA,1
LOBA,1
LOBITA,1
LOBO,16
LOCKET,1
LOCKY,1
LOCO,2
LOGAN,52
LOGI,1
LOIS,2
LOK,1
LOKAI,1
LOKE,1
LOKI,84
LOKY,1
LOLA,398
LOLABELLE,1
LOLANENA,1
LOLI,1
LOLIK,1
LOLITA,11
LOLLI,2
LOLLIE,1
LOLLIPOP,3
LOLLY,1
LOLLYPOP,1
LOLO,1
LOMBARDO,1
LOMI,1
LOMO,1
LONDI,1
LONDON,23
LONGHORN,1
LONGMORE,1
LONGO,1
LONNY,1
LOONETTE,1
LOOPY,2
LOOSIE,1
LOPI,1
LOQUITA,1
LORAN,1
LORCAN,1
LORD,6
LORELAI,1
LORELEI,1
LORENZO,9
LORETTA,5
LORI,1
LORIANN,1
LORITA,1
LORY,2
LOTO,1
LOTOWSKI,1
LOTTE,1
LOTTIE,3
LOTTO,1
LOTUS,1
LOU,19
LOUI,3
LOUIE,146
LOUIS,42
LOUISA,1
LOUISE,17
LOUKA,1
LOULI,1
LOULOU,4
LOUP,1
LOURDES,1
LOUVRE,1
LOV,1
LOVE,6
LOVEE,1
LOVELACE,1
LOVELY,4
LOVEY,5
LOVIE,3
LOVLEY,1
LOVU,1
LOWEEN,1
LOX,1
LOYAL,2
LOYFMANM,1
LT,3
LU,6
LUA,5
LUBA,2
LUC,1
LUCA,38
LUCARIO,1
LUCAS,29
LUCASASHER,1
LUCCA,4
LUCCHESE,1
LUCCI,1
LUCCIANO,1
LUCERITA,1
LUCERNE,1
LUCHA,2
LUCHO,1
LUCI,9
LUCIA,11
LUCIAN,2
LUCIANO,2
LUCIE,6
LUCIFER,7
LUCIK,1
LUCILLE,15
LUCINA,1
LUCINDA,1
LUCIO,2
LUCIOUS,4
LUCIUS,3
LUCK,1
LUCKEY,1
LUCKIE,1
LUCKY,275
LUCRETIA,1
LUCREZIA,1
LUCY,375
LUCYLU,1
LUCYNA,1
LUDA,1
LUDLOWADAM,1
LUDO,2
LUDWIG,7
LUDWIK,1
LUE,1
LUELLA,1
LUFFY,6
LUGER,1
LUGNUT,1
LUGO,1
LUI,2
LUIGI,9
LUIS,2
LUISA,1
LUJAH,1
LUKA,13
LUKAS,5
LUKE,57
LUKEY,1
LUKIE,1
LULA,14
LULABELLE,2
LULAH,1
LULU,158
LULUBELLE,3
LULULEMON,1
LULY,3
LUMI,2
LUMIERE,1
LUMO,1
LUMOS,1
LUNA,408
LUNAPIXIE,1
LUNCHBOX,1
LUNE,1
LUNITA,1
LUPA,6
LUPE,8
LUPI,1
LUPIN,2
LUPINA,1
LUPITA,5
LUPO,3
LURCH,1
LURSA,1
LUSHA,1
LUSIE,1
LUTHER,4
LUX,7
LUXARY,1
LUXURE,1
LUZ,2
LV,1
LVC,1
LYALYA,1
LYANNA,1
LYCHEE,2
LYDIA,3
LYDIE,1
LYLA,15
LYLAH,2
LYLE,1
LYLIA,1
LYLITH,1
LYNCH,1
LYNN,1
LYNNE,2
LYNNEN,1
LYNX,1
LYRA,6
LYRIC,1
LYRICA,1
LYRIK,1
M,1
MAALI,1
MABEL,41
MABLE,4
MAC,26
MACALLAN,2
MACALLISTER,1
MACANUDO,1
MACARENA,1
MACARONI,5
MACAROON,1
MACBETH,2
MACCABI,1
MACDUFF,2
MACE,2
MACEE,1
MACEY,2
MACGREGOR,1
MACGYVER,2
MACHA,1
MACHETE,1
MACHITO,1
MACHO,23
MACHU,1
MACI,4
MACIE,2
MACINTOSH,3
MACJU,1
MACK,23
MACKDUFF,1
MACKE,1
MACKENZIE,4
MACKERS,1
MACKEY,1
MACKI,1
MACKIE,1
MACKLIN,1
MACKY,3
MACLOVIN,1
MACON,1
MACUTO,1
MACY,16
MADAM,1
MADDEN,2
MADDIE,50
MADDOX,2
MADDY,12
MADELINA,1
MADELINE,7
MADGE,1
MADIBA,1
MADIGAN,2
MADISON,58
MADJI,1
MADONNA,2
MADORE,1
MADOX,1
MADRA,1
MAE,4
MAEBY,9
MAELING,1
MAESTRO,2
MAGDALENA,1
MAGDALENE,1
MAGED,1
MAGELLAN,1
MAGENTA,2
MAGGI,5
MAGGIE,143
MAGGIEMAE,1
MAGGY,4
MAGIC,16
MAGNESIUM,1
MAGNET,1
MAGNOLIA,8
MAGNUM,3
MAGNUS,6
MAGOG,1
MAGPIE,1
MAGUM,1
MAHBU,1
MAHI,2
MAHOGANY,1
MAIA,9
MAIDEN,1
MAINE,2
MAINO,1
MAIREA,1
MAISEY,1
MAISIE,24
MAISON,1
MAISY,15
MAIZE,1
MAIZEY,1
MAIZI,1
MAIZIE,3
MAIZY,6
MAJA,2
MAJESTIC,2
MAJESTY,3
MAJIC,1
MAJOR,17
MAKAVELLI,1
MAKHER,1
MAKI,2
MAKO,2
MAKS,2
MAKSI,1
MAKSIK,1
MALA,4
MALACH,1
MALACHI,3
MALAI,2
MALAKAI,2
MALAKI,1
MALAND,1
MALBEC,1
MALCOLM,5
MALCOM,4
MALEFICENT,1
MALI,2
MALIA,1
MALIAH,1
MALIBU,1
MALIFICENT,1
MALISH,3
MALKA,1
MALLEY,1
MALLIE,1
MALLOMAR,1
MALLORY,2
MALO,2
MALORY,1
MALOUK,1
MALSHIH,2
MALTA,3
MALTEASE,1
MALTIDA,1
MALTIPOO,5
MALU,1
MALUSH,1
MALVA,1
MALY,2
MALYUTKA,1
MALZARD,1
MALÚ,1
MAMA,13
MAMAS,2
MAMAZ,1
MAMBA,1
MAMBO,8
MAMBRU,1
MAMENOSUKE,1
MAMITA,1
MAMMA,1
MAMUSHKA,1
MAN,1
MANCHA,3
MANCHEE,1
MANCHITA,3
MANCHITAS,1
MANDEE,1
MANDI,1
MANDIE,1
MANDOLIN,1
MANDOO,4
MANDU,1
MANDY,14
MANGO,26
MANHATTAN,1
MANI,1
MANILA,1
MANLEI,1
MANMAN,1
MANNA,1
MANNIE,2
MANNING,1
MANNY,13
MANOLO,4
MANOONYA,1
MANOUSH,1
MANSAE,1
MANSON,1
MANTI,1
MANU,3
MANUEL,1
MANYA,1
MAO,4
MAOMAO,1
MAPLE,22
MAPLES,1
MARA,2
MARBLE,2
MARBLES,4
MARCEAU,1
MARCEL,12
MARCELA,1
MARCELINE,2
MARCELLA,1
MARCELLE,1
MARCELLO,2
MARCELO,1
MARCEY,1
MARCH,1
MARCHELLO,1
MARCHEWKA,1
MARCO,17
MARCOS,2
MARCUM,1
MARCUS,11
MARCY,7
MAREN,1
MARGALO,1
MARGARET,1
MARGARITA,2
MARGAUX,2
MARGE,2
MARGIE,1
MARGO,3
MARGOT,10
MARI,2
MARIA,4
MARIAH,1
MARIAN,1
MARIANI,1
MARIBEL,1
MARIE,1
MARIGOLD,4
MARIK,1
MARILYN,2
MARINA,3
MARINE,1
MARINO,1
MARIO,8
MARIPOSA,3
MARISKA,1
MARJORIE,2
MARK,4
MARKIE,1
MARKOS,1
MARKOV,1
MARKY,4
MARLA,5
MARLEE,3
MARLEY,70
MARLEYBOHN,1
MARLIE,1
MARLIN,3
MARLO,6
MARLON,6
MARLOW,5
MARLOWE,7
MARLY,3
MARLYN,1
MARNI,3
MARNIE,1
MARQUIS,1
MARRON,1
MARS,4
MARSALA,1
MARSHA,1
MARSHAL,1
MARSHALL,11
MARSHMALLOW,9
MARSHMELLO,1
MARSHMELLOW,4
MART,1
MARTA,2
MARTHA,2
MARTI,1
MARTIE,1
MARTIN,10
MARTINA,2
MARTINDALE,1
MARTINEZ,3
MARTINI,3
MARTINILEONARDO,1
MARTY,27
MARV,1
MARVEL,2
MARVELOUS,1
MARVICK,1
MARVIN,15
MARX,1
MARY,13
MARYJANE,1
MARYLAND,1
MASA,1
MASANIELLO,1
MASATO,1
MASAUL,1
MASE,3
MASEN,1
MASHA,4
MASHAY,1
MASIE,2
MASKA,1
MASLOW,2
MASON,51
MASOTA,1
MASSARI,1
MASSIMILIANO,1
MASSIMO,7
MASTER,4
MASYA,1
MATA,1
MATCHA,5
MATE,3
MATEO,4
MATER,2
MATHEO,1
MATHIAS,1
MATHILDA,1
MATHISON,1
MATIAS,1
MATILDA,29
MATILDE,1
MATISSE,1
MATRIX,1
MATS,1
MATSUI,1
MATT,3
MATTEO,2
MATTERHORN,1
MATTHEW,7
MATTIE,8
MATTIS,1
MATTY,4
MAUBI,1
MAUDE,4
MAUI,14
MAURA,1
MAURICE,5
MAURIE,1
MAURIELLO,1
MAUS,1
MAUVE,1
MAV,1
MAVE,1
MAVERICK,10
MAVIS,11
MAVRICK,1
MAWSON,1
MAX,539
MAXAMILLION,3
MAXI,14
MAXIE,16
MAXIMAS,1
MAXIMILIAN,4
MAXIMILLIAN,2
MAXIMILLIANO,1
MAXIMILLION,2
MAXIMINO,2
MAXIMO,6
MAXIMUM,1
MAXIMUS,70
MAXINE,20
MAXIO,1
MAXMILLI,1
MAXSIO,1
MAXWELL,39
MAXX,11
MAXXI,1
MAXXIE,1
MAXXIMUS,1
MAXY,2
MAXZILLA,1
MAY,12
MAYA,78
MAYAGUEZ,1
MAYARUBY,1
MAYBE,5
MAYBELLE,3
MAYBELLENE,1
MAYBELLINE,2
MAYHEM,1
MAYHEN,1
MAYLA,1
MAYLING,1
MAYLO,2
MAYMAY,1
MAYNARD,1
MAYOR,1
MAYROSE,1
MAYROULA,1
MAYYA,1
MAZDA,1
MAZER,1
MAZIE,3
MAZY,2
MAZZY,3
MC,2
MCCARTNEY,1
MCCORMICK,1
MCCOY,1
MCDUFF,1
MCFARRELL,1
MCGEE,1
MCGOVERN,1
MCGREGOR,2
MCGRUFF,1
MCHUMBA,1
MCKENNA,1
MCKENZIE,2
MCKINLEY,2
MCLOVIN,1
MCPHERSON,1
MCQUEEN,1
MCUNO,1
MEA,1
MEACHEM,1
MEADOW,6
MEATBALL,15
MEATLOAF,1
MEATY,1
MECCA,2
MEDEA,1
MEDINA,1
MEDIUS,1
MEDO,2
MEDUSA,1
MEECH,1
MEEK,1
MEEKA,8
MEEKO,15
MEEKS,1
MEELO,2
MEEMEE,1
MEEMO,1
MEENA,2
MEEP,1
MEERA,2
MEERZA,1
MEESA,1
MEESHA,1
MEG,3
MEGA,2
MEGABYTE,2
MEGALODON,1
MEGAMAN,1
MEGAN,3
MEGATRON,4
MEGGAN,1
MEGGY,2
MEHOW,1
MEI,6
MEILI,1
MEILIR,1
MEIMEI,5
MEINL,1
MEISIAH,1
MEISTER,1
MEL,7
MELA,5
MELAINE,1
MELANI,1
MELANIE,3
MELBOURNE,1
MELCHIOR,1
MELEENA,1
MELENDEZ,1
MELI,1
MELIA,1
MELINA,1
MELINDI,1
MELINKA,1
MELISANDRE,1
MELISSA,2
MELLA,2
MELLI,1
MELLIE,5
MELLO,8
MELLON,1
MELLOW,3
MELLY,2
MELO,34
MELODIA,1
MELODIE,2
MELODY,6
MELONS,1
MELTEMI,1
MELU,1
MELVILLE,1
MELVIN,1
MEME,1
MEMO,4
MEMPHIS,12
MENA,1
MENDELSSOHN,1
MENGMENG,1
MENINA,1
MENNIE,1
MENNO,1
MENTOR,1
MENUDO,1
MERCADO,2
MERCEDES,3
MERCEDEZ,2
MERCER,1
MERCI,1
MERCURY,3
MERCY,3
MERIDA,1
MERINGA,1
MERINGUE,1
MERLE,3
MERLIN,18
MERLOT,1
MERROWS,1
MERRY,2
MERRYWEATHER,1
MERV,1
MERYL,1
MESSI,4
MESSIAH,1
MESSY,1
METRO,7
METROPOLIS,1
METSY,1
METTA,1
MEW,1
MEZZANINE,1
MF,1
MI,2
MIA,199
MIAH,1
MIALUNA,1
MIAYA,1
MICA,3
MICAH,1
MICHA,1
MICHAEL,15
MICHAELANGELO,2
MICHEAL,1
MICHEALA,1
MICHELANGELO,1
MICHELLE,1
MICHI,2
MICHIKO,1
MICHKA,1
MICK,7
MICKE,1
MICKEY,60
MICKI,1
MICKIE,5
MICKY,6
MICO,4
MICRA,1
MID,1
MIDAS,2
MIDGE,2
MIDNIGHT,38
MIDORI,1
MIEKE,1
MIES,1
MIFFY,1
MIGA,1
MIGALHA,1
MIGGY,1
MIGHTY,3
MIGO,1
MIGUEL,1
MIHO,1
MIJA,1
MIJO,1
MIKA,30
MIKE,6
MIKEY,21
MIKI,3
MIKIE,2
MIKIEE,1
MIKKA,1
MIKKO,1
MIKLO,1
MIKO,12
MIKU,1
MIKY,1
MILA,42
MILAGROS,3
MILAN,7
MILANA,1
MILDRED,3
MILELY,1
MILES,30
MILEY,12
MILFORD,1
MILHOUSE,1
MILI,1
MILKA,3
MILKIE,1
MILKSHAKE,1
MILKY,3
MILLAGIO,1
MILLE,1
MILLER,4
MILLI,2
MILLIE,58
MILLIEWAUKE,2
MILLION,1
MILLY,19
MILO,251
MILO2,1
MILOH,3
MILOO,1
MILOS,1
MILOTARZAN,1
MILOU,2
MILTON,8
MILY,1
MIMI,55
MIMIE,1
MIMMO,1
MIMO,1
MIMOSA,1
MIMSY,1
MIN,1
MINA,11
MINDI,2
MINDY,8
MINERVA,6
MINEY,1
MING,1
MINGMING,1
MINGO,1
MINGUS,2
MINI,24
MINIE,2
MININO,1
MINION,1
MINIONS,1
MINJA,1
MINKA,4
MINKUS,1
MINKY,2
MINLI,1
MINNI,1
MINNIE,65
MINT,2
MINUTO,1
MIO,5
MIOO,1
MIRA,1
MIRACLE,11
MIRAKLE,1
MIRANA,1
MIRANDA,7
MIREU,1
MIREYA,1
MIRIAM,1
MIRO,2
MIRRA,1
MIRU,1
MIRUKU,1
MISA,3
MISCHA,5
MISCHIEF,1
MISCHKA,3
MISHA,14
MISHKA,15
MISHMISH,1
MISHMUSH,1
MISHU,2
MISIU,4
MISKA,2
MISO,16
MISS,27
MISSIE,1
MISSOURI,2
MISSU,1
MISSY,57
MISSYOO,1
MISTA,2
MISTAH,1
MISTER,22
MISTO,1
MISTRESS,1
MISTY,40
MISTYPINK,1
MISU,2
MITCH,3
MITCHELL,5
MITKA,1
MITL,1
MITO,1
MITSA,1
MITSO,1
MITSU,2
MITSY,2
MITZI,5
MIU,1
MIWK,1
MIXON,1
MIYA,2
MIYAGI,1
MIYAH,1
MJ,9
MO,7
MOA,1
MOAI,1
MOANA,3
MOBE,2
MOBY,9
MOCA,6
MOCCA,3
MOCCINA,1
MOCHA,57
MOCHI,51
MOCHIKO,1
MOCKA,1
MODIGLIANI,1
MODULO,1
MOE,7
MOET,1
MOFF,1
MOGI,1
MOGLI,1
MOGWAI,2
MOHAWK,2
MOJI,3
MOJITO,4
MOJO,23
MOJOSEPH,1
MOKA,3
MOKI,1
MOKIE,1
MOKO,1
MOKOSA,1
MOLDA,1
MOLE,1
MOLI,1
MOLIERE,1
MOLLEY,1
MOLLI,2
MOLLIE,13
MOLLIEROSE,1
MOLLLY,1
MOLLY,208
MOLSON,1
MOLYVOS,1
MOM,1
MOMA,1
MOMIJI,1
MOMMA,2
MOMO,32
MOMOKA,1
MOMOKO,2
MOMOTARO,1
MONA,15
MONACO,1
MONAH,1
MONALISA,1
MONCAI,1
MONCHIS,1
MONCHY,1
MONDAY,2
MONET,2
MONEY,9
MONEYPENNY,2
MONGO,1
MONICA,2
MONIE,1
MONIQUE,4
MONK,1
MONKEY,19
MONROE,7
MONSTER,8
MONTANA,4
MONTAUK,1
MONTE,4
MONTEGO,1
MONTEZUMA,1
MONTGOMERY,4
MONTI,2
MONTOYA,1
MONTY,34
MONY,1
MOO,2
MOOCH,1
MOOCHI,1
MOOCHIE,3
MOOKIE,19
MOOMOO,3
MOON,7
MOONDOG,1
MOONDOGGIE,1
MOONEY,1
MOONGCHI,1
MOONLIGHT,1
MOONPIE,1
MOONSHINE,1
MOONSTONE,2
MOOSE,51
MOOSH,1
MOOSHIE,1
MOP,1
MOPPSIE,1
MOPSEY,1
MOPSY,3
MOQUI,1
MORCEGO,1
MORDIN,1
MOREENA,1
MOREHOUSE,1
MORENA,4
MORENO,2
MORGAN,20
MORGANA,1
MORI,1
MORIA,1
MORK,2
MORKIE,14
MORLEY,1
MORNING,1
MORO,1
MOROCHO,1
MOROFF,1
MOROZ,1
MORPHY,1
MORRIE,2
MORRIS,3
MORRISON,2
MORRISSEY,1
MORTICIA,1
MORTIE,1
MORTIMER,1
MORTIMUS,1
MORTY,14
MORUS,1
MORZSA,1
MOSE,1
MOSES,5
MOSI,1
MOSLEY,1
MOTEAN,1
MOTLEY,1
MOTTIE,1
MOTTY,2
MOTUK,1
MOUSAKA,1
MOUSE,2
MOUSSE,5
MOWGLI,15
MOXI,1
MOXIE,23
MOXXI,2
MOYO,1
MOYSHI,1
MOZART,3
MOZAT,1
MOZER,1
MOZIE,1
MOZY,1
MOZZIE,1
MOZZY,1
MR,77
MRA,1
MRJINGLE,1
MRLUKE,1
MRMING,1
MRPUPPS,1
MRS,2
MRSMUDGE,1
MS,8
MSPRINCESS,1
MSPUGGY,1
MU,2
MUCHA,1
MUCHKIN,1
MUD,1
MUDDY,2
MUENSTER,2
MUFASA,4
MUFFIN,27
MUFFY,2
MUGATU,1
MUGEN,1
MUGGSY,4
MUGGZ,1
MUGGZIE,1
MUGI,1
MUGS,1
MUGSY,13
MUGZ,1
MUGZY,1
MUHA,1
MUHTAR,1
MUI,1
MUIMUI,3
MUJI,1
MUKHA,1
MUKIE,1
MULA,3
MULAN,5
MULBERRY,1
MULLIGAN,2
MUMBA,1
MUMBLES,1
MUMFIE,1
MUMFORD,3
MUMU,4
MUMUS,1
MUMZY,1
MUNA,1
MUNCH,3
MUNCHI,1
MUNCHIE,3
MUNCHKIN,10
MUNCHY,2
MUNECA,7
MUNECO,3
MUNGO,1
MUNNY,1
MUNOZ,1
MUNSON,4
MUPPET,5
MURASAKI,1
MURDOCH,2
MURFY,1
MURIEL,1
MURPH,3
MURPHEY,1
MURPHIE,1
MURPHY,78
MURPHYSCRUFFY,1
MURRAY,17
MURRY,1
MURTAUGH,1
MUSA,1
MUSAYK,1
MUSCAT,1
MUSCLES,1
MUSH,1
MUSHI,1
MUSHKA,1
MUSHU,3
MUSIK,1
MUSMOS,1
MUSSUM,1
MUSTARD,2
MUSYA,1
MUTLEY,1
MUTTI,1
MUTTLEY,1
MUTZI,1
MUXA,1
MUXY,1
MUÑECA,1
MY,2
MYA,13
MYAH,1
MYCROFT,1
MYDELE,1
MYKA,1
MYLA,2
MYLES,7
MYLO,16
MYLOH,1
MYLOW,1
MYRNA,1
MYRTLE,6
MYSTERIO,1
MYSTI,2
MYSTIC,4
MYSTIQUE,2
MYSTIQUEMISSY,1
MÜLLER,1
NA,55
NAAM,1
NABI,2
NABIHARU,1
NACHO,31
NADIA,4
NAEYA,1
NAHLA,3
NAHOO,1
NAHUEL,1
NAHUI,1
NAILLAH,1
NAIMA,1
NAIMANOV,1
NAINA,1
NAIROBI,1
NAKIA,1
NAKOTA,1
NALA,110
NALAH,3
NALANI,2
NALEDI,1
NALLA,2
NALU,1
NAMAN,1
NAMASTE,1
NAME,62
NAME NOT PROVIDED,219
NAMI,1
NAMO,1
NAMTAN,1
NAMU,1
NAN,1
NANA,12
NANCY,5
NANE,1
NANI,7
NANITA,1
NANNIE,1
NANNY,1
NANO,3
NANOOK,2
NANUK,1
NANUQ,1
NAO,1
NAOGORO,1
NAOMI,9
NAONAO,1
NAOYUKI,1
NAPIKWAN,1
NAPOLEAN,1
NAPOLEON,15
NARA,1
NARDUCCI,1
NARGIZ,1
NARO,1
NARS,1
NARUTO,1
NAS,1
NASH,15
NASHVILLE,3
NASSAU,1
NASUBI,1
NATACHA,1
NATALIE,7
NATASHA,8
NATCHEZ,1
NATE,3
NATHAN,5
NATHDLYD,1
NATILDE,1
NATSU,1
NATTIE,1
NATURE,1
NAUGHTIUS,1
NAUGHTY,1
NAUPAKA,1
NAVA,1
NAVY,3
NAY,1
NAYA,6
NAYDA,1
NAYNA,1
NEA,1
NEAL,1
NEBULA,1
NECKO,1
NED,3
NEDDY,2
NEELA,1
NEELAH,1
NEEMA,1
NEENA,2
NEERA,1
NEESIE,1
NEFERTITI,1
NEFFERTITI,1
NEGRA,2
NEGRI,1
NEGRITA,3
NEGRITO,4
NEGRO,1
NEGRON,1
NEGUIS,1
NEGURA,1
NEIGE,1
NEIGRITO,1
NEIKO,2
NEIL,2
NEIMAN,1
NEITA,1
NEJI,1
NEKO,6
NEL,1
NELA,1
NELL,3
NELLA,2
NELLABELL,1
NELLIE,22
NELLY,12
NELSON,10
NEMA,1
NEMMY,1
NEMO,17
NENA,45
NENE,8
NENO,3
NENSI,1
NEO,12
NEON,2
NEPENTHE,1
NEPTUNE,5
NERA,2
NERIO,1
NERLENS,1
NERO,7
NERUDA,1
NESO,1
NESQUIK,1
NESS,1
NESSA,3
NESSEY,1
NESSI,2
NESSIE,4
NESSY,1
NEST,1
NESTA,1
NESTLE,3
NETTLE,1
NEU,1
NEVA,1
NEVADA,1
NEVE,1
NEVILLE,2
NEVRYANSKIY,1
NEVYN,1
NEWEN,1
NEWHART,1
NEWMAN,5
NEWPORT,1
NEWT,1
NEWTON,8
NEWYORKEY,1
NEYLAND,1
NIA,7
NIAGRA,1
NIAH,1
NIBBLER,2
NIBBLES,6
NIBBY,1
NIBLET,1
NICA,1
NICHLOS,1
NICHOLAI,1
NICHOLAS,7
NICI,1
NICK,9
NICKELS,1
NICKEY,1
NICKIE,1
NICKLE,1
NICKLES,1
NICKY,10
NICO,44
NICOLA,1
NICOLAI,1
NICOLAS,1
NICOLAUS,1
NICOLE,3
NICOLINA,1
NIELSEN,1
NIEVA,1
NIEVE,2
NIFFLER,1
NIGEL,10
NIGU,1
NIKA,5
NIKE,9
NIKEE,1
NIKI,1
NIKITA,7
NIKKA,2
NIKKI,20
NIKKO,13
NIKKY,2
NIKO,45
NIKOLA,1
NIKOLAI,1
NIKOLAS,1
NIKOLAUS,1
NILA,1
NILAH,1
NILEAH,1
NILES,5
NILLA,2
NILO,3
NILS,2
NIM,1
NIMA,1
NIMBUS,2
NIMITZ,1
NIMO,1
NINA,53
NINI,4
NINJA,9
NINNIE,1
NINO,25
NIO,1
NIP,1
NIRVANA,1
NISA,2
NISHA,1
NITE,1
NITRO,6
NITTYLEE,1
NITZIE,1
NIU,2
NIUNIU,3
NIV,1
NIX,2
NIXIE,1
NIXON,3
NIYA,1
NIZMO,1
NJ,1
NOAH,31
NOAHS,1
NOBI,1
NOBLE,2
NOBU,2
NOCHE,1
NODDLES,1
NODDY,1
NOEL,8
NOELLA,1
NOELLE,4
NOGA,1
NOGGIN,1
NOGGY,1
NOIR,1
NOISETTE,1
NOKA,1
NOKI,1
NOLA,21
NOLAN,1
NOLIE,2
NOM,1
NOMI,4
NONAME,2
NONE,30
NONO,3
NOODLE,20
NOODLES,8
NOOMI,1
NORA,13
NORBERT,2
NOREEN,1
NORI,6
NORIEGA,1
NORM,2
NORMA,5
NORMAN,17
NORRIS,1
NORT,1
NORTH,3
NORTON,1
NORWAY,1
NOS,1
NOSFERATU,1
NOT,21
NOTCH,1
NOUSHIG,1
NOVA,37
NOVELLA,1
NOVEMBER,1
NOVI,1
NOVIMBA,1
NOX,1
NUALA,1
NUBA,1
NUBBSIE,1
NUBIAN,1
NUCKY,2
NUGGET,26
NUGGETS,1
NUGGETT,1
NUMNUM,1
NUMOON,1
NUNA,2
NUNI,1
NUNU,4
NUNZIO,2
NUPY,1
NURI,1
NURY,1
NUSKA,1
NUTELLA,6
NUTMEG,2
NYA,3
NYAH,2
NYISHA,1
NYKKO,1
NYLA,13
NYMERIA,6
NYMPH,1
NYNE,2
NYNJAH,1
NYOAKIE,1
NYOMI,1
NYX,6
NYXI,1
O,1
OAK,1
OAKIE,1
OAKLAND,1
OAKLEY,10
OATIS,1
OATMEAL,4
OATY,1
OBADIAH,3
OBAN,2
OBERON,2
OBERYN,2
OBI,22
OBIE,3
OBIWAN,1
OBIWANKENOBI,1
OBLEX,1
OBLIO,1
OC,1
OCARINA,2
OCCHI,1
OCEAN,7
OCHO,2
OCHOA,1
OCITO,1
OCKY,1
OCOEE,1
OCTOBER,2
ODDIE,1
ODELL,1
ODEN,4
ODETTE,1
ODI,2
ODIE,15
ODIN,30
ODINE,1
ODISEO,1
ODY,1
ODYSSEUS,8
OFELIA,1
OG,1
OGDEN,1
OGEE,1
OGGI,1
OGIE,3
OGRE,1
OHANA,1
OHIO,1
OHREN,1
OHTEE,1
OINKIE,1
OINKS,1
OKAMI,2
OKIE,2
OKRA,1
OKURI,1
OLAF,9
OLD,1
OLEVIA,1
OLEY,1
OLI,2
OLIO,1
OLIVE,111
OLIVER,202
OLIVERY,1
OLIVIA,50
OLLIE,111
OLLIVER,1
OLLIVIER,1
OLLY,2
OLY,1
OLYMPIA,1
OMAR,7
OMARA,1
OMARION,1
OMEGA,1
ONE,1
ONI,2
ONIX,3
ONYX,55
OOGIE,1
OONA,8
OP,1
OPAL,8
OPHELIA,13
OPIE,17
OPTIMUS,5
ORACHINO,1
ORALUNA,1
ORAN,1
ORANGE,2
ORBIT,4
ORCHID,1
ORE,1
OREA,1
OREE,1
OREGANO,2
OREJAS,1
ORELY,1
OREN,1
OREO,180
OREOL,1
ORFIE,1
ORI,1
ORIANA,1
ORIAWA,1
ORILLA,1
ORIN,2
ORIO,2
ORIOLES,1
ORION,6
ORIS,1
ORISA,1
ORKNEY,1
ORKO,1
ORLANDO,1
ORLEANS,1
ORLEE,1
ORRAIOS,1
ORSON,5
ORTIZ,1
ORTLEY,1
ORVILLE,1
ORVY,1
OSA,1
OSAKA,1
OSCAR,136
OSIAS,1
OSIRIS,2
OSITA,1
OSITO,9
OSKAR,9
OSKI,3
OSLO,6
OSMO,1
OSO,15
OSS,1
OSTIN,1
OSUM,1
OSWALD,2
OSWALDO,1
OTHELLO,3
OTIE,3
OTIS,84
OTTER,2
OTTIMO,1
OTTO,56
OUDI,1
OUI,1
OUNCES,1
OUTRIDGE,1
OVID,1
OVO,1
OWEI,1
OWEN,12
OWL,1
OWSIK,1
OX,1
OXFORD,2
OXY,1
OYO,1
OYSTER,1
OZ,3
OZARK,1
OZYMANDIAS,1
OZZIE,26
OZZY,33
P,1
PABLO,32
PACE,1
PACEY,2
PACHA,1
PACHONA,1
PACINO,1
PACKER,1
PACMAN,1
PACO,20
PACOCA,1
PACZKI,1
PADDINGTON,5
PADDY,6
PADFOOT,1
PADME,2
PAGE,1
PAGLIACCI,1
PAIGE,5
PAIGER,1
PAISLEY,8
PAKER,1
PAKITO,1
PAKKUN,1
PAKO,3
PAL,2
PALADIN,1
PALIN,1
PALMER,2
PALMIRA,1
PALOMA,2
PALSGRAF,1
PAM,4
PAMELA,1
PAMMY,1
PAMPLEMOUSSE,3
PAMUK,2
PAN,1
PANCAKE,2
PANCAKES,1
PANCHITA,1
PANCHITO,1
PANCHO,11
PANDA,42
PANDITA,1
PANDORA,7
PANDORA MARIE COLLIER,1
PANDY,2
PANG,1
PANGEA,1
PANGPANG,1
PANI,1
PANSY,2
PANTELEEMON,1
PANTELEYEVA,1
PANTERA,4
PANTHER,3
PANZINI,1
PAOK,1
PAOLA,1
PAOLO,1
PAPA,2
PAPACITO,1
PAPAGENA,1
PAPAS,1
PAPAYA,1
PAPER,1
PAPI,21
PAPICHU,1
PAPICHULO,2
PAPITO,4
PAPO,5
PAPPI,2
PAPPY,2
PAPRIKA,2
PAQUI,1
PAQUITO,3
PARADISE,2
PARCHI,1
PARI,1
PARIE,1
PARIS,43
PARISH,2
PARKER,55
PARKIE,1
PARRIS,1
PARSLEY,3
PARTY,1
PARXE,1
PAS,1
PASADENA,1
PASCAL,2
PASCHA,1
PASHA,5
PASSION,1
PASTA,2
PASTINA,1
PATATA,1
PATCH,7
PATCHES,24
PATCHEY,1
PATCHY,1
PATEREK,1
PATIENCE,2
PATRICIA,1
PATRICK,16
PATRIOT,1
PATRON,2
PATSY,6
PATTERSON,1
PATTI,1
PATTON,4
PATTY,6
PATY,1
PATZY,1
PAU,1
PAUL,4
PAULIE,4
PAULINA,2
PAULINE,1
PAULY,3
PAUSE,1
PAVEL,1
PAVI,1
PAWLEY,1
PAWS,2
PAX,7
PAXTON,3
PAYAL,1
PAYDAY,1
PAYSO,1
PAYTON,2
PAZU,1
PDIDDY,1
PEA,1
PEABODY,1
PEACE,2
PEACH,6
PEACHES,19
PEANUT,96
PEANUTBUTTER,1
PEAR,1
PEARL,21
PEARLA,1
PEARLEY,1
PEARLLY,1
PEASIE,1
PEBBLE,3
PEBBLES,57
PEBBLEZ,1
PECAN,6
PECAS,2
PECORINO,1
PEDRO,8
PEDUTO,1
PEE,1
PEEBY,1
PEEDEE,2
PEEKAY,1
PEEPS,2
PEETA,1
PEETIE,1
PEEVE,1
PEEVIE,1
PEEWEE,1
PEG,1
PEGGY,9
PEGI,1
PEKI,1
PEKOE,1
PEKY,1
PELE,1
PELO,1
PELUCHE,9
PELUCHI,1
PELUCHIN,3
PELUSA,6
PEMA,1
PEMBRY,1
PENACHE,1
PENDA,1
PENDING,1
PENDLETON,1
PENELOPE,76
PENGUIN,1
PENN,4
PENNE,1
PENNIE,1
PENNY,230
PENNYLAIN,1
PENNYLANE,2
PENOBSCOT,1
PENSSY,1
PEP,2
PEPA,4
PEPCI,1
PEPE,14
PEPI,6
PEPINO,1
PEPITA,4
PEPITO,4
PEPPA,11
PEPPER,141
PEPPERCORN,1
PEPPERMINT,7
PEPPERS,1
PEPPI,5
PEPPINO,3
PEPPO,1
PEPPY,3
PEPSI,13
PEPYS,1
PEQUENA,1
PERCIVAL,1
PERCY,28
PERDITA,1
PERDU,1
PERESOZO,1
PEREZ,2
PERFECT,1
PERI,5
PERICLES,2
PERICOUS,1
PERIDOT,1
PERIWINKLE,1
PERKY,1
PERLA,13
PERLE,1
PERLITA,2
PERPLE,1
PERRI,1
PERRIN,1
PERRITO,2
PERRY,14
PERRYWINKLE,1
PERSEPHONE,8
PERSEUS,5
PERSIA,2
PESO,1
PESTO,1
PESYO,1
PET,1
PETAL,1
PETALS,1
PETE,20
PETEE,1
PETER,14
PETEY,38
PETIE,2
PETIT,2
PETITA,1
PETRA,5
PETRAKOS,1
PETRI,1
PETRINA,1
PETTITTE,1
PETUKHOV,1
PETULA,1
PETUNIA,14
PEYTON,13
PEZZULLO,1
PFEFFER,2
PFEFFERMINZ,1
PHAEDRA,1
PHAIDON,1
PHANTOM,4
PHANTOMS,1
PHARAH,1
PHARAOH,9
PHAROAH,2
PHAROH,1
PHASMA,1
PHAT,1
PHEEBS,1
PHEIFFER,1
PHENIX,1
PHEOBE,1
PHEONA,1
PHIFE,7
PHIL,5
PHILBERT,1
PHILIP,1
PHILIPP,1
PHILIPPE,1
PHILLIP,1
PHILLY,4
PHILO,1
PHILOMINA,1
PHILOU,1
PHINEAS,8
PHINEHAS,1
PHINNAEUS,1
PHINNEAS,1
PHOBE,1
PHOEBE,60
PHOENIX,11
PHOENYX,1
PHRYNE,1
PHUKET,1
PHYLLIS,3
PHYLLO,1
PHYRE,1
PI,7
PIA,10
PIANO,1
PIBB,1
PICA,1
PICASSO,7
PICCOLA,1
PICCOLINA,2
PICCOLO,6
PICHI,1
PICHITO,1
PICI,1
PICKACHU,1
PICKLE,16
PICKLES,15
PICKWICK,1
PICKY,1
PICO,4
PICOLINA,1
PICULIN,1
PIERALDO,1
PIERCE,1
PIERKO,1
PIERRE,17
PIERROT,1
PIFF,1
PIG,2
PIGGIE,1
PIGGY,3
PIGLET,1
PIGNOLI,1
PII,1
PIKA,2
PIKACHU,2
PIKE,1
PIKO,1
PILAR,1
PILATES,1
PILATOS,1
PILIN,1
PILLIE,1
PILLO,1
PILLOW,1
PILLSBURY,1
PILOT,5
PIMM,1
PIMMS,3
PIMP,1
PIMPOLLO,1
PIN,1
PINA,4
PINCKTURISIA,1
PINDAR,1
PINE,1
PINEAPPLE,2
PINEIRO,1
PING,2
PINGUINO,1
PINGY,1
PINK,3
PINKIE,4
PINKMAN,1
PINKY,21
PINKYOLIVE,1
PINNY,1
PINO,1
PINON,1
PINOT,6
PINTER,1
PINTEREST,1
PINTO,10
PINTXO,1
PIONG,1
PIP,13
PIPA,4
PIPER,73
PIPES,1
PIPIT,2
PIPLONGFELLOWBUTTERFIELDFROUDE,1
PIPO,2
PIPON,1
PIPOU,1
PIPPA,48
PIPPEN,2
PIPPER,1
PIPPI,6
PIPPIN,22
PIPPY,1
PIPS,1
PIPSQUEEK,1
PIQI,1
PIQUE,1
PIRULO,1
PISTACHIO,4
PITA,3
PITBULL,1
PITCH,2
PITO,1
PITOCA,1
PITSY,1
PITTSER,1
PITUFO,1
PITUSA,1
PITY,1
PITZ,1
PIXEL,14
PIXELITA,1
PIXIE,17
PIZZA,2
PJ,10
PLATO,2
PLAYA,1
PLAYBOY,1
PLAYER,1
PLAYU,1
PLEX,1
PLINY,1
PLISSKEN,1
PLOMITO,1
PLUM,6
PLUSH,1
PLUTO,18
PLYMOUTH,1
PO,4
POCAHONTAS,1
POCHA,1
POCHIE,1
POCHO,1
POCHOMIL,1
POCKET,1
POCKETS,1
POCKY,3
POCO,2
POCONO,1
PODO,1
POE,3
POGI,3
POGO,5
POINSETTA,1
POINTDEXTER,1
POKAZ,1
POKEY,1
POKI,1
POKKI,1
POLA,4
POLAR,2
POLARIS,1
POLDI,1
POLIZZI,1
POLKA,1
POLLI,1
POLLIE,1
POLLO,1
POLLY,19
POLLYJANE,1
POLO,19
POLOW,1
POLPETTA,1
POM,6
POMERANIAN,3
POMI,1
POMMES,1
POMO,1
POMPOM,1
POMPOO,1
POMPY,1
PONCE,1
PONCH,1
PONCHI,2
PONCHO,2
PONGO,5
PONO,1
PONTI,1
PONTUS,1
PONTY,1
PONY,3
PONYBOY,1
PONYO,4
POO,1
POOCH,4
POOCHES,1
POOCHIE,9
POOCHINI,1
POOCHO,1
POOCHON,1
POOCHY,1
POOCOO,1
POODLE,7
POOH,5
POOHBEAR,1
POOKA,3
POOKI,1
POOKIE,12
POOKIEBEAR,1
POOPSIE,1
POOSH,1
POP,1
POPCORN,9
POPEYE,4
POPI,2
POPO,3
POPPETT,1
POPPI,1
POPPIE,4
POPPINS,1
POPPO,1
POPPY,32
POPS,2
POQUITO,1
PORCH,1
PORFIRIO,1
PORK,5
PORKCHOP,11
PORPENTINA,1
PORRIDGE,1
PORSCHE,3
PORSHA,3
PORT,1
PORTER,19
PORTHOS,1
PORTIA,2
PORTOS,1
POSEIDON,1
POSEY,8
POSIE,4
POSSUM,1
POSY,1
POT,1
POTATO,10
POTCHIE,1
POTOKOVA,1
POTTER,3
POTUS,1
POUNCER,1
POUNCEY,1
POUND,1
POUNDCAKE,1
POUNDS,1
POWDER,1
POWER,1
PRADA,7
PRAISE,1
PRALINE,1
PRANCER,1
PRECIE,1
PRECIOSA,1
PRECIOUS,34
PRECIOUSSOFIA,1
PREGO,1
PREM,1
PRESIOUS,1
PRESLEY,9
PRESTON,5
PRETA,1
PRETTY,7
PRETTYBOI,2
PRETZEL,5
PRICE,2
PRIDE,1
PRIEST,1
PRIMA,1
PRIME,1
PRIMO,5
PRIMROSE,4
PRINA,1
PRINCE,184
PRINCELEY,1
PRINCES,2
PRINCESA,3
PRINCESS,243
PRINCESSA,5
PRINCESSROSE,1
PRINCETON,8
PRINCEY,1
PRINCIPE,2
PRINCIPIE,1
PRINCLE,1
PRINGLE,2
PRIOR,1
PRIS,1
PRISCILLA,10
PRIVATE,1
PROFESSOR,2
PROFI,1
PROMETHEUS,1
PROMISE,4
PRONTO,1
PROPHET,1
PROSCIUTTO,1
PROVOLONE,1
PRUDENCE,3
PRUDIE,1
PRYNCE,1
PSYCHO,2
PUCCA,1
PUCCI,6
PUCCINI,2
PUCE,1
PUCHI,4
PUCHIE,1
PUCHIKA,1
PUCHITO,1
PUCK,10
PUD,2
PUDDIN,4
PUDDING,5
PUDDLES,8
PUDGE,6
PUDGIE,1
PUDGY,1
PUFF,8
PUFFLES,1
PUFFY,9
PUG,2
PUGALINA,1
PUGGLES,3
PUGGSY,1
PUGGY,2
PUGOVKA,1
PUGS,1
PUGSLEY,5
PUGY,1
PUJI,1
PUKA,1
PULGA,2
PULLO,2
PUMA,8
PUMBA,2
PUMITA,1
PUMPKIN,26
PUNCH,1
PUNCHY,1
PUNIM,1
PUNKIE,2
PUNKIN,1
PUNU,1
PUP,3
PUPI,1
PUPITO,1
PUPPA,1
PUPPER,1
PUPPERS,1
PUPPET,1
PUPPO,1
PUPPY,5
PUPPYS,1
PURPLE,1
PUSHA,1
PUSHI,1
PUSHKIN,3
PUTNAM,1
PUTTY,2
PUZZLE,2
PVKA,1
PWEE,1
PYRAT,1
PYRRHA,1
PYXAR,1
Q,6
QBEE,1
QC,1
QIAOKELI,1
QING,1
QIU,1
QIUQIU,2
QQ,3
QTIP,3
QUANNAH,1
QUANTUM,1
QUASAR,2
QUASIMOTO,2
QUE,1
QUEEINE,1
QUEEN,15
QUEENIE,13
QUEENS,1
QUEENY,1
QUENTIN,1
QUESADA,1
QUESO,1
QUIGLEY,2
QUIMI,1
QUINCY,24
QUINLEY,1
QUINN,31
QUINTEN,1
QUITO,3
QUNICY,1
QWATHI,1
R,2
RA,2
RABA,1
RABBIT,3
RABI,1
RACHEL,3
RACKY,1
RADAR,9
RADCLIFF,1
RADIO,2
RADISH,3
RADLEY,1
RADOR,1
RADOST,1
RAE,3
RAEKOH,1
RAFA,2
RAFAEL,2
RAFEE,1
RAFF,1
RAFFI,4
RAFI,3
RAFIKI,2
RAGE,1
RAGER,1
RAGNAR,3
RAGUENEAU,1
RAHZEL,1
RAIDEN,4
RAIDER,4
RAIMONDI,1
RAIN,5
RAINA,3
RAINBOW,4
RAINDROP,1
RAINE,1
RAINER,1
RAINEY,1
RAINNEY,1
RAINY,2
RAISEN,1
RAISIN,7
RAJ,2
RAJA,3
RAJAH,3
RAJU,1
RAKHA,1
RAKI,1
RAKKASAN,1
RAKKI,1
RAKSHA,1
RALEIGH,7
RALEIGHMAGNOLIA,1
RALFIE,1
RALLY,1
RALPH,17
RALPHIE,9
RALPHY,2
RAM,1
RAMBLER,2
RAMBO,42
RAMEN,2
RAMESES,2
RAMI,1
RAMIO,1
RAMON,3
RAMONA,14
RAMONE,2
RAMROD,1
RAMSAY,3
RAMSES,3
RAMSEY,3
RANAE,2
RANDAL,1
RANDALL,3
RANDON,1
RANDY,6
RANEA,1
RANGE,1
RANGELEY,1
RANGER,28
RANGERS,1
RANGO,1
RANI,2
RANKIN,1
RAOUL,1
RAP,1
RAPHAELLA,1
RAPTOR,1
RAPUNZEL,1
RASCAL,13
RASHEEDA,1
RASHMIKAHUR,1
RASMUS,1
RASPBERRY,1
RASPUTIN,1
RASTA,1
RASTIS,1
RATCHET,1
RATON,1
RAUL,1
RAULI,1
RAVE,1
RAVELLO,1
RAVEN,15
RAVIOLI,2
RAWLEY,1
RAWLIN,1
RAWLINGS,1
RAY,9
RAYA,2
RAYLAN,1
RAYMI,2
RAYMO,1
RAYMOND,3
RAYN,1
RAYNA,1
RAYZA,1
RAZOR,2
RAZZLE,2
RAZZMATAZZ,1
REACHER,1
READY,1
REAGAN,6
REBA,4
REBARIBBONS,1
REBECCA,2
REBEKKA,1
REBEL,11
REBO,1
RED,24
REDCOAT,1
REDD,2
REDDINGTON,1
REDDS,1
REDFORD,2
REDMOND,1
REDSTONE,1
REECE,3
REECES,1
REED,2
REEDUS,1
REEK,1
REELA,1
REESE,12
REESEE,1
REESES,10
REESIE,1
REEZO,1
REGAL,1
REGAN,2
REGGIE,36
REGI,1
REGINA,2
REGINA39S,1
REGINALD,2
REGINE,1
REI,1
REID,1
REIDS,1
REIGN,2
REIKI,1
REILLY,11
REINA,7
REINDEER,1
REINER,1
REINHARDT,1
REKIA,1
REKSIO,3
RELIC,1
REM,1
REMI,24
REMIE,1
REMINGTON,13
REMMY,3
REMO,1
REMUS,4
REMY,74
REN,5
RENA,1
RENARDO,1
RENATA,2
RENJI,1
RENLY,2
RENNICK,1
RENNIE,1
RENNO,1
RENNY,2
RENO,6
RENZO,1
REO,1
REPRIEVE,1
RESCUE,1
RESTIVO,1
REU,1
REUBEN,7
REUS,1
REVIS,2
REX,88
REXI,3
REXIE,2
REXX,2
REXY,3
REY,19
REYES,1
REYLAN,1
REYNA,1
REZ,1
RHAEGAR,1
RHAEGO,1
RHEA,2
RHETT,3
RHI,1
RHINO,2
RHODA,3
RHONDA,1
RHYS,3
RIANNA,1
RIBA,1
RIBLET,1
RICA,1
RICEBALL,1
RICHARD,4
RICHIE,9
RICHMOND,2
RICKI,2
RICKIE,1
RICKY,24
RICO,35
RICOTTA,1
RIDGE,1
RIDLEY,1
RIECHIE,1
RIELY,3
RIEMANN,1
RIESLING,3
RIFFLE,1
RIGBY,11
RIGEL,1
RIGGINS,9
RIGGO,1
RIGGS,2
RIGLEY,1
RIGO,1
RIGOLETTO,1
RIHANNA,1
RIIKA,1
RIKA,1
RIKER,2
RIKI,1
RIKISHI,1
RIKKI,1
RIKKITIKKI,1
RIKKU,1
RIKO,2
RIKU,1
RILEY,168
RILU,1
RIMINI,1
RIN,1
RINGO,20
RINTAROU,1
RIO,16
RIOT,1
RIP,1
RIPLEY,25
RIPLY,1
RIPPY,1
RIPTIDE,1
RIRO,1
RISHI,1
RITA,12
RITCHIE,2
RITSOS,1
RITTER,1
RIVA,1
RIVER,18
RIVERA,4
RIVINGTON,1
RIZ,1
RIZZO,8
RIZZUTO,1
RIÓ,1
RJ,3
ROADIE,4
ROADY,1
ROB,2
ROBBIE,8
ROBBY,1
ROBERT,3
ROBERTA,5
ROBI,1
ROBIN,12
ROBINSON,1
ROBOT,1
ROBYN,2
ROC,2
ROCCO,96
ROCHELLE,3
ROCK,5
ROCKEFELLER,1
ROCKET,30
ROCKI,2
ROCKIE,6
ROCKLAND,1
ROCKO,17
ROCKS,2
ROCKSEE,1
ROCKSI,1
ROCKSIE,1
ROCKSTAR,2
ROCKSY,1
ROCKWELL,1
ROCKY,361
ROCSI,3
ROCSO,1
ROCZEN,1
RODEO,3
RODGERS,1
RODHAM,1
RODIN,1
RODMAN,1
RODNEY,3
RODRIGUEZ,6
ROEBLING,1
ROFL,1
ROGAN,1
ROGELIO,1
ROGER,14
ROGUE,8
ROI,1
ROIC,1
ROIG,1
ROISIN,1
ROKA,1
ROKU,1
ROKY,1
ROLAND,5
ROLF,3
ROLLEI,1
ROLLER,1
ROLLIE,4
ROLLO,6
ROLLY,1
ROLLYIE,1
ROLO,3
ROMA,4
ROMAN,15
ROMBO,1
ROME,3
ROMEO,87
ROMEY,1
ROMI,1
ROMIE,1
ROMINA,2
ROMNEY,1
ROMULUS,3
ROMY,6
RONA,1
RONALD,2
RONALDO,1
RONAN,2
RONDA,1
RONDO,2
RONI,2
RONIN,1
RONNI,1
RONNIE,8
RONNY,1
RONZONI,1
ROO,14
ROOBY,1
ROOFUS,1
ROOIBOS,1
ROOK,1
ROOKIE,4
ROOKLYN,1
ROONEY,17
ROOSEVELT,8
ROOSTER,4
ROOT,2
ROOTBEAR,1
ROOZ,1
RORI,1
RORO,1
RORSCHACH,1
RORY,19
ROSA,12
ROSABELL,1
ROSAE,2
ROSALIA,1
ROSALIE,2
ROSALIND,2
ROSCEO,1
ROSCO,17
ROSCOE,31
ROSE,34
ROSEBUD,5
ROSEMARY,3
ROSENBERG,1
ROSENBLUM,1
ROSETTA,2
ROSEY,2
ROSIE,184
ROSITA,7
ROSS,3
ROSSI,1
ROSSINI,1
ROSSO,1
ROSY,4
ROTHKO,1
ROUGE,4
ROUGHIE,1
ROUROU,1
ROUSEY,1
ROUSH,1
ROUX,4
ROVER,3
ROVI,1
ROW,1
ROWAN,9
ROWBIE,1
ROWDY,5
ROWENA,1
ROWLEY,2
ROWLF,1
ROWLYN,1
ROXANNA,1
ROXANNE,7
ROXI,6
ROXIE,58
ROXSY,2
ROXXY,1
ROXY,130
ROY,6
ROYA,2
ROYAL,9
ROYALTY,2
ROYCE,4
ROZ,3
ROZEE,1
RT,1
RU,5
RUAIRI,1
RUBBLE,4
RUBBY,1
RUBEE,1
RUBENS,1
RUBI,4
RUBIA,4
RUBIE,1
RUBIO,1
RUBIS,2
RUBIX,1
RUBY,167
RUCKUS,2
RUDDER,1
RUDI,4
RUDOLPH,4
RUDX,1
RUDY,37
RUE,9
RUEBEN,1
RUFFIAN,1
RUFFIANO,1
RUFFLES,3
RUFFY,1
RUFINA,1
RUFIO,1
RUFIS,1
RUFO,1
RUFUS,51
RUGBY,9
RUGER,2
RUGGLES,1
RUGGLY,1
RUI,1
RUIZ,1
RUKIA,1
RULER,1
RULLI,1
RUM,1
RUMBA,2
RUMBLE,2
RUMI,6
RUMMY,2
RUMPUS,1
RUNA,1
RUNNER,1
RUNNIE,1
RUPEE,2
RUPERT,17
RUSEV,1
RUSLAN,1
RUSS,3
RUSSEL,2
RUSSELL,11
RUST,1
RUSTEN,2
RUSTI,1
RUSTY,80
RUTABAGA,1
RUTGERS,1
RUTH,5
RUTHERFORD,2
RUTHIE,8
RUTT,1
RUVI,1
RUXPIN,1
RUZE,1
RYAH,1
RYAN,8
RYDER,24
RYDYR,1
RYE,7
RYELY,1
RYKO,1
RYLEE,4
RYLEEGREY,1
RYLEIGH,1
RYLIE,1
RYMAN,1
RYO,1
RYU,2
RYUU,1
RÖSTI,1
SAARINEN,1
SAATCHI,1
SABAN,1
SABASTIAN,2
SABER,1
SABI,1
SABINA,1
SABLE,11
SABOYA,1
SABRE,2
SABRINA,8
SACHA,3
SACHEM,1
SACHI,2
SADE,2
SADEE,1
SADIE,144
SAEDI,1
SAEWOO,1
SAFA,1
SAFARI,1
SAFARIE,1
SAFFRON,2
SAFFY,2
SAFRON,1
SAGA,5
SAGE,20
SAH,1
SAHA,1
SAHARA,3
SAIDA,1
SAIGE,1
SAILOR,4
SAINA,1
SAINT,10
SAIVA,1
SAIZO,1
SAKE,5
SAKESEE,1
SAKI,7
SAKO,1
SAKURA,3
SAKYRA,1
SAL,1
SALAMI,1
SALEH,1
SALEM,2
SALINA,1
SALLY,30
SALMA,1
SALMAN,1
SALOME,2
SALSA,5
SALSITA,1
SALT,1
SALTINE,1
SALTY,4
SALVADOR,3
SALVATORE,3
SAM,62
SAMA,1
SAMANTHA,29
SAMARA,3
SAMATHA,1
SAMBA,4
SAMBUCA,3
SAMI,4
SAMIRA,1
SAMMI,12
SAMMIE,13
SAMMY,82
SAMOA,1
SAMPSON,15
SAMSARA,1
SAMSON,46
SAMSONKATAN,1
SAMSUN,1
SAMUEL,8
SAMURAI,1
SAMWISE,2
SAN,1
SANCERRE,1
SANCHO,5
SANCTI,1
SANDE,1
SANDI,1
SANDIE,2
SANDLER,1
SANDOR,1
SANDRA,1
SANDRINE,1
SANDRO,2
SANDWICHES,1
SANDY,83
SANDYPOOPOO,1
SANJAY,1
SANJI,1
SANRACRUZ,1
SANSA,7
SANSAN,1
SANTANA,1
SANTIAGO,1
SANTINO,6
SANTO,2
SANTOS,1
SAOIRSE,4
SAOZU,1
SAPHRIS,1
SAPO,1
SAPPHIRA,1
SAPPHIRE,11
SAPPHO,2
SAPPOROBAILEY,1
SARA,10
SARAFINA,2
SARAH,14
SARAI,1
SARANDA,1
SARANG,2
SARENKA,1
SARGE,4
SARGEANT,2
SARGENT,4
SARRA,1
SARU,1
SASA,2
SASAH,1
SASCHA,1
SASHA,126
SASHABELLE,1
SASHI,1
SASHIMI,1
SASKIA,3
SASSAFRAS,1
SASSENACH,1
SASSI,1
SASSO,1
SASSY,26
SASSYY,1
SASSZ,1
SASUKE,1
SATCHEL,2
SATCHMO,1
SATI,1
SATIN,1
SATIVA,1
SATO,1
SATORI,2
SATORITITUS,1
SATPIRE,1
SATSHA,1
SATSUKI,1
SATTA,1
SAUCE,2
SAUL,2
SAULA,1
SAUSAGE,1
SAVA,1
SAVAGE,1
SAVANAH,1
SAVANNAH,21
SAVEE,1
SAVEY,1
SAVION,1
SAWYER,11
SAY,1
SAYLA,1
SAYLOR,1
SAZ,1
SAZED,1
SAZON,1
SCALLOP,1
SCAMP,2
SCANDAL,1
SCAPPY,2
SCARLET,18
SCARLETT,30
SCHATZI,5
SCHATZIE,4
SCHATZLEIN,1
SCHMIDTY,1
SCHMITT,1
SCHMITTY,1
SCHMOOZIE,1
SCHMULIE,1
SCHMUTZ,1
SCHMUTZY,1
SCHNAPPI,1
SCHNAPPS,2
SCHNAUZER,1
SCHNIBBLE,1
SCHOTTZIE,1
SCHROEDER,3
SCHULTZ,1
SCHULTZI,1
SCHULTZY,1
SCHUYLER,4
SCOOBIE,1
SCOOBS,1
SCOOBY,32
SCOOBYDO,1
SCOOBYDOO,1
SCOOP,1
SCOOTER,24
SCOTCH,4
SCOTCHY,1
SCOTT,9
SCOTTIE,4
SCOTTY,9
SCOUT,124
SCOUTER,1
SCRABBLE,2
SCRAGGLE,1
SCRAM,1
SCRAPPY,21
SCRAPPYDOO,1
SCRAPS,1
SCREAM,1
SCRUBS,1
SCRUFF,1
SCRUFFLES,1
SCRUFFY,14
SCUBA,1
SCULLY,6
SCUPPERS,2
SEAGULL,1
SEAL,1
SEAMUS,13
SEAN,1
SEARGENT,1
SEAVER,2
SEBASTAIN,1
SEBASTIAN,24
SECCO,1
SECRET,1
SEDDON,1
SEDONA,1
SEDRICK,1
SEEHE,1
SEGA,2
SEIKO,1
SEIRY,1
SELAVY,1
SELENA,5
SELENE,3
SELKIE,2
SELKY,1
SELYCE,1
SEMEN,1
SEMLA,1
SEMPER,1
SEN,1
SENATOR,1
SENECA,1
SENERIZ,1
SENGE,1
SENNA,3
SENOR,1
SENORITA,1
SENSEI,1
SENTA,1
SEPHORA,1
SEPTEMBER,1
SEQUOIA,2
SERAFINA,1
SERENA,6
SERENITY,3
SERGEANT,6
SERGIO,2
SERIN,1
SERKET,1
SERRY,1
SESAME,6
SESI,1
SESIL,1
SESSIE,1
SETANTA,1
SETH,2
SEVEN,11
SEVERUS,1
SEXY,2
SEYMOUR,7
SEÑOR,1
SGT,2
SHA,1
SHABBY,1
SHACKA,1
SHAD,1
SHADE,6
SHADO,3
SHADOW,128
SHADRACH,1
SHADY,2
SHAELYN,1
SHAERA,1
SHAGGY,14
SHAI,3
SHAINA,1
SHAKA,1
SHAKESPEARE,3
SHAKEY,2
SHAKIRA,5
SHALLOT,1
SHALOM,2
SHAMPOOTAYLOR,1
SHAMROCK,6
SHAMS,1
SHANA,4
SHANDY,1
SHANE,13
SHANNY,1
SHANTI,6
SHANTIK,1
SHAO,1
SHAPIRO,1
SHAQ,1
SHARIC,1
SHARIK,1
SHARINA,1
SHARKIE,1
SHARPIE,2
SHASHA,3
SHASKY,1
SHASTA,1
SHAWNA,1
SHAWNIE,1
SHAWNMICHAELVINCIENT,1
SHAWTY,1
SHAY,5
SHAYA,1
SHAYLA,2
SHAYNA,4
SHEA,42
SHEAMUS,1
SHEBA,18
SHEBOYAH,2
SHED,1
SHEEBA,4
SHEEKA,1
SHEENA,7
SHEENAH,1
SHEILA,3
SHELBEY,1
SHELBY,25
SHELDON,9
SHELLY,9
SHEN,1
SHENZI,1
SHEP,2
SHEPHERD,2
SHEPY,1
SHERA,3
SHERAH,1
SHERBET,1
SHERI,1
SHERIDAN,1
SHERIFF,1
SHERLOCK,20
SHERMAN,12
SHERMY,1
SHERPA,1
SHERRY,3
SHERU,1
SHESHEE,1
SHEYNU,1
SHIA,3
SHIBA,10
SHIBBA,1
SHIFU,2
SHIGE,1
SHIH,3
SHIHPOO,13
SHIHTZU,12
SHILA,1
SHILO,4
SHILOH,19
SHIMA,1
SHIMMER,1
SHIMMY,2
SHINA,1
SHINER,1
SHINOBI,1
SHINY,1
SHIRAZ,2
SHIREE,1
SHIRLEY,10
SHIRO,13
SHISHKABOB,1
SHIUNG,1
SHIVA,3
SHLAFMAN,1
SHLEMA,1
SHLOMI,1
SHLOMO,1
SHMOO,1
SHMUELY,1
SHOCKY,1
SHOJI,1
SHOKO,3
SHONA,1
SHOO,1
SHOPOW,1
SHOR,1
SHORT,1
SHORTBREAD,2
SHORTCAKES,1
SHORTSTOP,1
SHORTY,9
SHOSHANA,3
SHOU,1
SHOWTIME,1
SHOYU,1
SHRANDRIY,1
SHREK,1
SHRIMPS,1
SHROOMIE,1
SHRUM,1
SHUG,2
SHUGA,1
SHUGGIE,1
SHUKI,1
SHULA,2
SHUM,1
SHUMPERT,1
SHUSKY,1
SHYA,1
SHYLA,3
SHYLAH,1
SHYLO,1
SHYNE,2
SIA,1
SIAH,1
SIBEI,1
SID,7
SIDNEY,6
SIEGFRIED,1
SIENA,6
SIENNA,8
SIERRA,5
SIESTA,1
SIEVA,1
SIGGY,3
SIGMAR,1
SIGMUND,1
SIGRID,1
SIGUENCIA,1
SIJI,1
SILAS,5
SILICON,1
SILKA,1
SILKY,4
SILVER,11
SILVESTER,1
SIMA,1
SIMBA,86
SIMCOE,2
SIMEE,1
SIMIAN,1
SIMKA,1
SIMON,39
SIMONA,1
SIMONE,5
SIMONEY,1
SIMONIAN,1
SIMPSON,1
SIN,1
SINAI,1
SINATRA,5
SINBAD,2
SINCERE,1
SINDI,1
SINDOO,1
SINGH,1
SINTRA,1
SIO,1
SION,1
SIOPAO,1
SIOUXSIE,1
SIR,30
SIRI,4
SIRIUS,9
SIRONA,1
SIRR,1
SIRRIE,1
SISI,2
SISKO,1
SISSETTE,1
SISSY,5
SISTER,1
SISY,1
SIUL,1
SIVA,1
SIX,2
SKAYA,1
SKEETER,2
SKELEY,1
SKI,1
SKIP,6
SKIPPER,9
SKIPPY,10
SKITTLES,8
SKULLY,1
SKUNKY,1
SKUTCH,1
SKY,50
SKYE,33
SKYLA,5
SKYLAH,2
SKYLAR,18
SKYLER,9
SKYLIA,1
SKYLIE,1
SKYLO,1
SKYY,1
SLAMI,1
SLASHIE,1
SLAVIK,1
SLEEPY,1
SLICK,1
SLIDER,2
SLIM,6
SLINKY,3
SLOAN,2
SLOANE,2
SLOBBY,1
SLOTH,1
SLUG,2
SLUGGER,1
SLURPEE,1
SLUSH,1
SLUYER,1
SMALLS,1
SMALLTALK,1
SMARTY,1
SMARTYMARTY,1
SMEE,1
SMICK,1
SMIDGEN,1
SMILEY,4
SMILLA,2
SMITH,4
SMOKE,5
SMOKEY,38
SMOKIE,3
SMOKY,3
SMOOCH,1
SMOOCHIE,3
SMOOTH,2
SMORE,1
SMORES,5
SMSM,1
SMUCKERS,2
SMUDGE,3
SMUDLA,1
SMUGGS,1
SMURF,2
SMUSHY,1
SNACKS,8
SNAIL,1
SNAP,1
SNAPDRAGON,1
SNAPPLE,3
SNAPPY,1
SNEAKERS,2
SNICKERDOODLE,1
SNICKERS,19
SNICKLEFRITZ,1
SNIKERS,1
SNIPER,2
SNOBBEN,1
SNOODLES,1
SNOOGIE,1
SNOOKEY,1
SNOOKIE,4
SNOOKY,1
SNOOKZ,1
SNOOP,9
SNOOPEE,1
SNOOPIE,1
SNOOPY,56
SNOOT,1
SNOOZER,1
SNOOZY,1
SNOPEE,1
SNORKY,1
SNORRI,1
SNORTLE,1
SNOW,49
SNOWBALL,21
SNOWBELL,1
SNOWBELLE,1
SNOWDON,1
SNOWEE,1
SNOWFLAKE,17
SNOWFLAKES,1
SNOWI,1
SNOWIE,1
SNOWII,1
SNOWMAN,1
SNOWSTORM2,1
SNOWWHITE,1
SNOWY,28
SNUFFIE,1
SNUGGLE,1
SNUGGLES,5
SO,1
SOAKY,1
SOAP,1
SOBA,2
SOCHI,2
SOCKS,1
SOCKY,1
SOCO,2
SOCRATE,2
SOCRATES,1
SODA,1
SODAPOP,1
SOFI,1
SOFIA,26
SOFIE,15
SOFIYA,1
SOFY,2
SOJU,1
SOJUBAMBI,1
SOKY,1
SOL,5
SOLAR,1
SOLE,1
SOLEADO,1
SOLIN,1
SOLITA,1
SOLLMON,1
SOLO,5
SOLOMON,3
SOLSHI,1
SOM,1
SOMI,1
SON,1
SONA,1
SONATA,2
SONCE,1
SONG,2
SONIA,2
SONIC,8
SONJA,2
SONNIE,1
SONNY,38
SONNYK,1
SONY,3
SONYA,3
SOODY,1
SOOKIE,7
SOOMSOOM,1
SOONJA,1
SOOTY,1
SOPHIA,47
SOPHIE,155
SOPHIYA,1
SOPHY,1
SORA,1
SORRY,1
SOSA,6
SOSKIL,1
SOTHIS,1
SOTO,1
SOUJOUKI,1
SOULJA,1
SOUMY,1
SOUPY,1
SOUTHIE,1
SOX,6
SOXIE,1
SPADE,2
SPADES,1
SPAGHETTI,4
SPANKY,16
SPARK,1
SPARKALINA,1
SPARKELS,1
SPARKEY,2
SPARKIE,3
SPARKLE,13
SPARKLES,3
SPARKS,1
SPARKY,65
SPARKZ,1
SPARROW,2
SPARTACUS,14
SPATOLA,1
SPAWN,1
SPAZZ,1
SPEAR,1
SPEC,1
SPECIAL,3
SPECK,2
SPECKLES,1
SPECTER,1
SPECTRE,1
SPEEDY,3
SPENCER,25
SPENSER,2
SPICE,5
SPICEDROP,1
SPICY,1
SPIDER,2
SPIKE,52
SPIKEY,3
SPIKY,2
SPIRIT,3
SPLASH,1
SPLASHY,1
SPLINTER,1
SPOCK,6
SPONGE,2
SPONGEBOB,2
SPOOKA,1
SPOOKIE,1
SPOOKY,2
SPOONER,1
SPORT,4
SPOT,18
SPOTACUS,1
SPOTS,1
SPOTTIE,1
SPOTTY,5
SPRAGGA,1
SPREE,1
SPRING,1
SPRINKLE,1
SPRINKLES,4
SPRITZ,1
SPROCKET,2
SPROUT,9
SPUD,4
SPUDS,1
SPUNKY,3
SPUTNICK,1
SPYKE,1
SPYLELEEN,1
SPYRO,1
SPYX,1
SQUASH,1
SQUAT,1
SQUEAK,1
SQUEEGEE,2
SQUID,2
SQUIDWARD,1
SQUIGGLE,1
SQUIGGLES,2
SQUIGGY,1
SQUIRE,2
SQUIRT,3
SQUISHEE,1
SQUISHY,2
SREY,1
SRIRACHA,1
ST,2
STACEY,1
STACHE,2
STACI,1
STACY,1
STALLONE,1
STAMFORD,1
STAN,2
STANCO,1
STANDING,1
STANELY,1
STANFORD,2
STANIS,1
STANLEE,1
STANLEY,45
STANNIS,1
STANTON,1
STAR,23
STARBUC,1
STARBUCK,5
STARBURST,1
STARFIRE,2
STARFISH,1
STARK,4
STARKY,1
STARLA,2
STARLET,1
STARLIGHT,3
STARR,2
STARRAHOULA,1
STASH,1
STATIC,1
STAX,1
STEAINS,1
STEALY,1
STEELE,1
STEELY,1
STEETWA,1
STEF,1
STEFAN,1
STEFANIA,1
STEFANO,1
STEFFIE,1
STEFI,1
STELLA,193
STELLABELLA,1
STELLAGRACE,1
STELLLA,1
STEPH,1
STEPHANIE,1
STEPHEN,1
STEPNIAK,1
STERLING,13
STESA,1
STEVE,6
STEVIE,23
STEWARD,1
STEWART,5
STEWIE,11
STICH,1
STICKER,1
STICKS,1
STIGGY,1
STIHL,1
STILES,1
STITCH,14
STIXX,1
STOLI,1
STONE,2
STONER,1
STONNY,1
STORM,45
STORMY,9
STORY,1
STRANGER,1
STRAW,2
STRETCH,1
STREUSEL,1
STRIDER,1
STRINGER,1
STRIPE,1
STRUDEL,2
STRYKER,1
STRYKR,1
STU,2
STUART,2
STUD,1
STUEY,1
STUMPY,1
STYKIE,1
STYLES,2
STYLEZ,1
SUBIE,1
SUBJECTIVITY,1
SUBWAY,1
SUCHISNEIL,1
SUCIE,1
SUCKI,1
SUDI,1
SUDS,1
SUDSY,1
SUE,2
SUEME,1
SUGA,2
SUGAAH,1
SUGAR,52
SUGARBEAR,1
SUGER,1
SUGES,1
SUGOI,1
SUKI,20
SUKIE,1
SULLEY,2
SULLIVAN,7
SULLY,8
SULTAN,2
SULTANA,1
SULY,1
SUMERWYND,1
SUMIKO,1
SUMMER,34
SUMMERSET,1
SUMMIT,1
SUMO,4
SUMOTORI,1
SUMTER,2
SUN,1
SUNDAE,5
SUNDANCE,4
SUNDAY,11
SUNFIRE,1
SUNFLOWER,1
SUNNI,3
SUNNIE,2
SUNNY,39
SUNSET,4
SUNSHINE,20
SUNTORY,1
SUNWAKEN,1
SUPER,3
SUPERIOR,1
SUPERMAN,2
SUPERNOVA,1
SUPERSTAR,1
SUPREME,2
SURF,1
SURFINA,1
SURI,4
SURRY,1
SUSAN,3
SUSANA,1
SUSHI,15
SUSI,1
SUSIE,17
SUSSIE,1
SUSSY,1
SUSU,1
SUSY,4
SUTHERLAND,1
SUTTON,2
SUZANNAH,1
SUZANNE,1
SUZETTE,2
SUZEY,1
SUZI,3
SUZIE,13
SUZY,11
SUZYQ,1
SUZZY,1
SVEN,1
SWABBIE,1
SWAGGER,1
SWAGGY,1
SWAYJAXON,1
SWAYZE,1
SWEAT,1
SWEENEY,1
SWEEPEA,1
SWEEPER,1
SWEET,11
SWEETFACE,1
SWEETHEART,1
SWEETIE,15
SWEETNESS,2
SWEETP,1
SWEETPEA,6
SWEETPEE,1
SWEETY,1
SWEETZ,1
SWIPER,1
SWIRL,1
SWISS,1
SWITCH,1
SWOOSH,1
SYBASTIAN,1
SYBIL,3
SYD,2
SYDNEY,28
SYLVANAS,1
SYLVER,1
SYLVIA,5
SYLVIE,3
SYMBAH,1
SYMON,1
SYRAH,1
SYREE,1
SYRUP,2
SYRUS,1
SZORKA,1
SÖDER,1
T,2
TABASCO,2
TABATA,1
TABATHA,1
TABITHA,4
TACO,28
TACOMA,1
TAEDY,1
TAFFY,9
TAG,1
TAGGER,1
TAGLIATELLE,1
TAGOE,1
TAHITIAN,1
TAHOE,3
TAHUI,1
TAI,4
TAIKO,1
TAILS,1
TAINA,4
TAINO,1
TAINY,1
TAISIA,1
TAIYO,1
TAJ,1
TAJI,1
TAKA,1
TAKESHI,1
TAKI,3
TAKODA,1
TAKOYAKI,1
TAKU,1
TALA,2
TALBOT,1
TALI,2
TALIA,6
TALIE,1
TALISKER,1
TALLAHASEE,1
TALLIE,1
TALLINNA,1
TALLULAH,17
TALLY,4
TALULA,2
TALULAH,1
TALULLAH,1
TAMALE,1
TAMBUA,1
TAMI,1
TAMMI,1
TAMMIE,1
TAMMY,4
TAMY,2
TANDY,1
TANG,1
TANGDUI,1
TANGO,11
TANIA,1
TANK,25
TANKERBELL,1
TANNA,1
TANNER,9
TANOOKI,2
TANQUERAY,1
TANSY,1
TANUKI,2
TANYA,3
TANZO,1
TAO,3
TAPIOCA,1
TAPPER,1
TAQUITO,3
TARA,12
TARAJI,1
TARCHIN,1
TARO,7
TAROU,1
TARQUIN,1
TART,1
TARTUFO,1
TARZAN,7
TARZI,1
TARZO,1
TASHA,9
TASHI,4
TASSIE,1
TASSLE,1
TATA,1
TATE,4
TATER,10
TATERBUG,1
TATERS,1
TATI,1
TATIANA,3
TATO,1
TATOR,1
TAU,1
TAURUS,1
TAXI,2
TAY,2
TAYLOR,10
TAYSON,1
TAYZIE,1
TAZ,23
TAZER,1
TAZMAN,1
TAZMINA,1
TAZO,1
TAZZ,4
TAZZY,1
TBD,3
TBONE,2
TBOY,1
TCHALLA,1
TCHOP,1
TEA,1
TEACUP,1
TEAGAN,1
TEAHUPOO,1
TEAK,1
TEARS,1
TEAVANA,1
TEBBE,1
TEBO,1
TEBOW,1
TECH,1
TECUMSEH,1
TED,15
TEDDI,6
TEDDIE,3
TEDDY,286
TEDDYBEAR,1
TEDDYBUTTERSCOTCH,1
TEEGA,1
TEEGAN,1
TEEKAY,1
TEEMO,2
TEEMU,1
TEENIE,1
TEGAN,1
TEGO,1
TEHYA,1
TEILO,1
TEINI,1
TEJEDA,1
TELLI,1
TELLURIDE,1
TELLY,1
TEMMY,1
TEMPER,1
TEMPEST,1
TEMPLETON,2
TENA,1
TENDER,1
TENESSEE,1
TENNESSEE,3
TENZI,1
TENZIN,3
TEO,2
TEOBALDO,1
TEPPEE,1
TEQUILA,4
TERASINA,1
TERCIO,1
TERESA,3
TERRA,7
TERRENCE,1
TERRI,2
TERRIER,1
TERROR,1
TERRY,16
TESA,1
TESLA,14
TESS,8
TESSA,21
TESSIE,5
TESSY,1
TEST,2
TESTING,4
TESY,1
TETE,2
TETU,1
TEVYE,1
TEWARI,1
TEX,10
TEXACO,1
TEXANO,1
TEXREILLY,1
TEXSNOWY,1
TGHAN,1
THADDEUS,3
THAIS,1
THALIA,3
THANOS,1
THAXTER,1
THAY,1
THAYER,1
THE,7
THEA,4
THEADORA,1
THEANA,1
THEENIE,1
THEIYA,1
THELMA,4
THELONIOUS,1
THEMBA,1
THEO,52
THEODEOR,1
THEODOR,1
THEODORA,1
THEODORE,33
THEODORUS,1
THEORY,1
THESIUS,1
THIAGO,1
THIBODAUX,1
THICKET,1
THIDWICK,1
THIERRY,1
THIMBLE,1
THIRA,1
THISBE,1
THOMAS,12
THOMN,1
THOR,72
THORIN,1
THORLEIV,1
THORNBERRY,1
THRILLER,2
THUGGER,1
THUGGY,1
THUMBELINA,1
THUMBLINA,1
THUMPER,4
THUNDER,14
THUNDERBIRD,1
THURSTON,1
THYME,1
TIA,5
TIAGO,1
TIAMAT,2
TIANA,4
TIANTIAN,1
TIBBLE,1
TIBBY,4
TIBERIUS,3
TIBI,1
TIBO,1
TIBPI,1
TIBURON,1
TIC,1
TICA,1
TICO,6
TIDUS,2
TIE,1
TIETA,1
TIFF,2
TIFFANY,12
TIFTON,1
TIGER,42
TIGG,1
TIGGEE,2
TIGGER,14
TIGRA,1
TIGRAN,1
TIGRE,1
TIGRYSSA,1
TIKA,4
TIKI,8
TIKKI,1
TIKUIOE,1
TILA,1
TILDA,1
TILDEN,2
TILLEY,1
TILLIE,7
TILLMAN,1
TILLY,7
TIM,4
TIMBA,2
TIMBER,7
TIMBERLEE,1
TIMBIT,1
TIMBO,2
TIMMY,14
TIMON,2
TIMONE,1
TIMONS,1
TIMOSHA,1
TIMOTHY,3
TINA,21
TINALOVE,1
TINDALL,1
TING,1
TINGER,1
TINITO,1
TINK,6
TINKA,3
TINKER,3
TINKERBELL,19
TINKERBELLE,2
TINO,8
TINSLEY,1
TINY,39
TIOMA,1
TIPP,1
TIPPER,1
TIPPI,2
TIPPY,6
TIPSY,3
TIRA,1
TIRAMISU,4
TIREM,1
TITA,6
TITAN,23
TITCH,1
TITI,3
TITIAN,1
TITINA,1
TITO,20
TITTO,1
TITUBA,1
TITUS,9
TITUSS,1
TIU,1
TIVA,1
TIVO,1
TIZZY,1
TJ,7
TJAY,1
TJUTA,1
TO,1
TOAD,1
TOAST,7
TOASTER,3
TOASTIE,1
TOASTY,2
TOBBY,8
TOBEY,8
TOBI,14
TOBIAS,11
TOBIE,5
TOBIKO,1
TOBILLO,1
TOBIN,2
TOBO,2
TOBOGGAN,1
TOBY,280
TOBYTILLIE,1
TOD,1
TODD,4
TODDY,3
TODO,1
TOES,1
TOFF,1
TOFFEE,7
TOFI,1
TOFU,7
TOGARASHI,2
TOGO,1
TOKEEO,1
TOKI,3
TOKU,1
TOKYO,4
TOLKIEN,1
TOM,8
TOMA,1
TOMAS,3
TOMI,1
TOMIKO,1
TOMMI,1
TOMMIE,3
TOMMO,1
TOMMY,25
TOMY,2
TONER,1
TONGEE,1
TONI,3
TONIA,1
TONKA,8
TONKATSU,2
TONKO,1
TONKS,2
TONTO,3
TONY,28
TONYA,1
TOO,1
TOOGA,1
TOOKI,1
TOON,1
TOONY,1
TOORI,1
TOOSA,1
TOOSHI,1
TOOT,3
TOOTHIE,1
TOOTIE,5
TOOTS,1
TOOTSIE,12
TOOTSIES,1
TOPANGA,3
TOPAZ,3
TOPE,1
TOPHER,3
TOPI,1
TOPPER,3
TOPSEY,1
TOPSY,1
TORETTO,2
TORI,13
TORINO,1
TORNADO,1
TORO,6
TORRE,1
TORRETO,2
TORREY,1
TORRIN,1
TORRO,1
TORTUGA,1
TORU,1
TORY,4
TOSCA,2
TOSH,1
TOSHA,1
TOSHI,3
TOSIA,1
TOT,1
TOTO,15
TOTORO,1
TOTOY,1
TOTTI,1
TOUGH,1
TOULA,2
TOULOUSE,1
TOVA,2
TOWNES,1
TOWSHI,1
TOY,5
TOYZ,1
TOZAI,1
TRACEY,1
TRACY,4
TRAM,1
TRAPPER,1
TRAVELLER,1
TRAVIESO,1
TRAVIEZO,1
TRAVIS,8
TRE,1
TREACLE,1
TREASURE,3
TREAZURE,1
TREBLE,1
TRECE,1
TREGUA,1
TREKKER,1
TRENTON,2
TRESO,1
TREVI,1
TREVOR,11
TREX,2
TREXIE,1
TREY,1
TRIBBLE,3
TRIBECCA,1
TRIBU,1
TRICKY,1
TRICO,2
TRIGGA,1
TRIGGER,8
TRILOGY,2
TRINA,5
TRINIDY,1
TRINITY,7
TRINKET,1
TRINY,1
TRIP,1
TRIPLE,2
TRIPP,5
TRIPPY,1
TRIPS,1
TRISCUIT,2
TRISHA,2
TRISTAN,5
TRITON,1
TRIX,2
TRIXIE,45
TRIXSTER,1
TRIXTER,1
TROOPER,12
TROPHY,1
TROTSKY,1
TROTTER,1
TROUBLE,13
TROUBLEMAKER,1
TROUBLESOME,1
TROUBLEZ,1
TROUSERS,1
TROUT,2
TROY,9
TROYRIOS,1
TRU,1
TRUDEAU,1
TRUDI,1
TRUDIE,1
TRUDY,4
TRUEB,1
TRUFA,2
TRUFFAUT,1
TRUFFLE,12
TRUFFLES,2
TRULEE,1
TRULY,1
TRUMAN,9
TRUNKS,3
TRUST,3
TRUVY,1
TSAR,1
TTALGI,1
TUAN,1
TUBA,1
TUBBINS,1
TUBBS,1
TUBS,1
TUCHA,1
TUCK,8
TUCKER,74
TUCKS,1
TUCKY,1
TUCO,5
TUESDAY,1
TUFFY,5
TUFTE,1
TUG,7
TUGA,1
TUI,2
TUKA,1
TUKE,2
TUKI,1
TULA,2
TULI,1
TULIP,5
TULLEY,1
TULLY,4
TULSI,1
TULULAH,1
TUMBLE,1
TUNA,4
TUNDRA,2
TUNECHI,1
TUNNOCKS,1
TUO,2
TUPA,1
TUPAC,2
TUPELO,2
TUPPENCE,2
TURBO,10
TURE,1
TURK,1
TURNER,7
TURNIP,1
TURTLE,4
TURTURRO,1
TUSIA,1
TUSK,1
TUSON,1
TUTI,3
TUTU,3
TUTUS,1
TUUKKA,1
TUULA,1
TUVLO,1
TUX,9
TUXEDO,6
TWAIN,2
TWEAK,1
TWIGGY,9
TWILIGHT,2
TWINKIE,6
TWINKLE,3
TWINKLES,1
TWINKY,1
TWISTER,1
TWIX,7
TWOTWO,1
TWYLA,1
TY,2
TYARA,2
TYBALT,1
TYBEE,2
TYCHO,2
TYCO,1
TYE,2
TYGA,1
TYGAH,1
TYKE,3
TYLER,20
TYLOR,1
TYMOSHENKO,1
TYNA,1
TYNAN,1
TYNDALL,1
TYNEE,1
TYRA,1
TYRE,1
TYRELL,1
TYRION,10
TYRONE,1
TYSAN,1
TYSEN,1
TYSIE,1
TYSON,72
TYUS,1
TZAR,1
U,1
UBKNOWN,1
UDOG,1
UGGY,1
UGO,1
UINTA,1
ULA,1
ULANI,1
ULISES,1
ULLA,2
ULTIMATE,2
ULTRAMAN,1
ULYSSES,5
UMA,8
UMEKO,1
UMI,1
UMKA,1
UNA,1
UNDECIDED,1
UNI,6
UNIQUE,3
UNKNOWED,1
UNKNOWN,517
UNKOWN,8
UNO,7
URBAN,1
URSA,1
URSO,1
URSULA,2
URSUS,1
URTZI,1
URUSLA,1
USCHI,1
USHA,1
USHER,2
UTAH,2
UTHER,1
UZA,1
UZI,2
VAAKO,1
VACHE,1
VACHETTE,1
VADA,1
VADER,5
VAIL,2
VAL,2
VALA,1
VALENCIA,1
VALENTIN,1
VALENTINA,8
VALENTINE,5
VALENTINES,1
VALENTINO,19
VALERIE,1
VALIANT,1
VALIENTE,1
VALKYRIE,1
VALOR,1
VALTA,1
VALYRIA,1
VAN,7
VANELLOPE,1
VANESSA,2
VANILLA,8
VANKLEIN,1
VANNAH,1
VANYA,3
VARGAS,1
VARNYAN,1
VARRO,1
VASIA,1
VATO,2
VAUGHN,1
VAZINA,1
VDOT,1
VEECEE,1
VEENA,1
VEGA,2
VEGAS,3
VELASQUEZ,1
VELEZ,1
VELVET,1
VEMBRI,1
VENICE,3
VENTI,2
VENTICALMI,1
VENUS,10
VERA,9
VERGIL,1
VERN,1
VERNON,2
VERO,1
VERONICA,3
VERSACE,5
VERUCA,1
VESPA,1
VESPER,3
VETA,1
VETERAN,1
VETOVICTORY,1
VEYRON,1
VICA,1
VICENTE,1
VICIOSA,1
VICKEY,2
VICKI,2
VICKY,2
VICO,1
VICTOR,4
VICTORIA,9
VICTORY,3
VIDA,5
VIE,1
VIENNA,2
VIGA,1
VIGGO,1
VIGO,1
VIKKI,1
VIKTOR,1
VILMAN,1
VIN,1
VINAIGRETTE,1
VINCE,2
VINCENT,5
VINCENZO,2
VINCI,2
VINNIE,3
VINNY,22
VINNYBOO,1
VINO,2
VINSON,1
VINYL,1
VIOLA,5
VIOLET,38
VIOLETA,1
VIOLETTA,1
VIPER,1
VIRGIL,5
VIRGINIA,4
VISTA,1
VIT,1
VITA,3
VITO,10
VIVA,1
VIVI,2
VIVIAN,7
VIVIENNE,2
VIXEN,5
VLA,1
VLADIRMIR,1
VOGUE,1
VOLDEMORT,1
VOLTMAN,1
VOM,1
VONNIE,1
VOUS,1
VOYKA,1
WACHO,1
WADE,3
WADSWORTH,1
WAFFLE,8
WAFFLES,19
WAFOL,1
WAGNER,1
WAGONER,1
WAI,1
WAIF,1
WAINRIGHT,1
WALDI,1
WALDO,4
WALDORF,1
WALKER,6
WALLABY,1
WALLACE,17
WALLE,3
WALLEY,1
WALLIE,1
WALLIS,1
WALLY,41
WALNUT,4
WALRUS,1
WALT,2
WALTER,43
WAN,1
WANDA,4
WANG,2
WAOWAO,1
WARNOCK,1
WARREN,2
WASABI,6
WASH,1
WASHINGTON,3
WASHNGTON,1
WATERMELON,1
WATERS,1
WATNEY,1
WATSON,34
WAVERLY,4
WAWA,1
WAWAH,1
WAYLON,2
WAYNE,6
WEASLEY,2
WEBIT,1
WEBSTER,5
WEDGE,1
WEDNESDAY,11
WEE,1
WEEBEY,1
WEEBIE,1
WEEGO,1
WEEZY,2
WEILY,1
WEIMARANER,1
WELCH,1
WELLFLEET,1
WELLIE,1
WELLINGTON,5
WELLS,1
WEMBLEY,2
WENDALL,1
WENDELL,4
WENDY,11
WENDYBECKY,1
WENDYBROOK,1
WEPITA,1
WES,2
WESLEY,8
WESSON,1
WEST,2
WESTBROOK,1
WESTLEY,2
WESTON,1
WESTY,2
WHATSHERNAME,1
WHEATEN,4
WHEATON,3
WHEELS,1
WHEEZY,1
WHIDBEY,1
WHIMSY,1
WHINNIE,1
WHISKERS,1
WHISKEY,18
WHISKIE,1
WHISKY,7
WHISPER,1
WHISTLER,2
WHIT,1
WHITE,2
WHITEY,5
WHITIY,1
WHITMAN,2
WHITNEY,4
WHITTAKER,1
WHOOPIE,1
WHOOPY,1
WHOVILLE,1
WICKER,2
WICKET,9
WICKETT,1
WIDGET,1
WIFI,1
WIGGENS,1
WIGGINS,1
WIGGLE,1
WIGGLES,5
WIGGY,1
WILBERT,1
WILBUR,8
WILCO,1
WILDER,2
WILE,1
WILEMENA,1
WILEY,14
WILFRED,2
WILHELMINA,4
WILHEMINA,1
WILKES,1
WILKIE,1
WILL,5
WILLA,15
WILLAMINA,1
WILLARD,1
WILLETT,1
WILLIAM,10
WILLIAMS,3
WILLIE,32
WILLIOW,2
WILLIS,5
WILLOUGHBY,3
WILLOW,50
WILLY,15
WILLZ,1
WILMA,13
WILSEE,1
WILSON,21
WILY,2
WINCHESTER,1
WINDSOR,4
WINFIELD,1
WINIFRED,3
WINK,1
WINKLER,1
WINKY,5
WINNDEEWILLIAMS,1
WINNER,1
WINNEY,1
WINNI,1
WINNIE,61
WINNIFRED,1
WINNNIE,1
WINONA,1
WINSLOW,2
WINSTON,115
WINTER,30
WINTERAKAWINNIE,1
WINTERSAGE,1
WINTSON,2
WISHBONE,2
WISIN,1
WISKI,1
WISPA,1
WISSFIRE,1
WIT,1
WITER,1
WITTY,1
WIZ,1
WIZARD,6
WLLY,1
WOLF,1
WOLFGANG,11
WOLFIE,10
WOLFY,1
WOLVERINE,2
WONDER,1
WONDERBOT,1
WONKA,5
WONTON,3
WOODFORD,1
WOODSON,1
WOODSTOCK,2
WOODY,15
WOOFIE,3
WOOFY,5
WOOGIE,1
WOOKIE,4
WOOKIEE,2
WOOLIE,1
WOOLLY,1
WOOZLEY,1
WORDSWORTH,1
WOTAN,2
WREN,2
WRIGHTSBEE,1
WRIGLEY,14
WRINKLE,2
WRINKLES,1
WULFY,1
WUSCHEL,1
WUZZY,1
WYATT,10
WYBIE,1
WYCIE,1
WYLIE,6
WYNN,1
WYNNIE,1
WYNTER,3
WYOMING,1
WYONA,1
XAML,1
XANDER,8
XANDY,1
XAVI,5
XAVIER,4
XAVY,1
XEASON,1
XENA,33
XENIA,1
XERO,1
XERXES,3
XIA,2
XIAO,12
XIAOHEI,1
XIAONIUR,1
XIAOTUR,1
XIAOWANZI,1
XICA,1
XIDO,1
XIE,1
XINA,1
XOE,1
XOLA,1
XU,1
XUEBAO,1
XYLO,1
YA,1
YAFA,1
YAHOO,1
YAIGER,1
YAKKO,1
YALA,2
YALE,1
YAM,3
YAMANY,1
YAMATO,2
YAMILLA,1
YANDEL,1
YANG,1
YANI,1
YANKEE,7
YANNI,2
YAR,1
YASHIRA,1
YASMEEN,1
YASMIN,1
YASSA,1
YASU,1
YATZIL,1
YAUCO,1
YAYA,1
YAYIS,1
YAZ,2
YAZA,1
YEAH,1
YEDIYOU,1
YEEZY,2
YEHUDA,1
YELLOW,3
YEMMET,1
YEN,1
YEONGGI,1
YETTA,1
YGGDRASIL,1
YGRITTE,1
YINGA,1
YIYO,1
YIZZY,1
YO,1
YOCHIE,1
YODA,22
YODEL,1
YODELL,1
YODETTE,1
YOFI,5
YOGI,43
YOGURT,2
YOHANN,1
YOHANNA,1
YOHJI,1
YOKI,3
YOKO,5
YOLA,2
YOLANDA,1
YOLI,1
YOLIE,1
YOM,1
YOMI,1
YONA,2
YONCE,1
YONGMOON,1
YONINA,1
YOOKS,1
YOPIE,1
YORBI,1
YORGI,1
YORI,1
YORKER,1
YORKIE,5
YORKIEPOO,2
YORKSHIRE,1
YORU,1
YOSHI,26
YOSHIE,1
YOSHIKO,1
YOTIAO,1
YOUNG,3
YOUSSEF,1
YOUYOU,1
YOYO,11
YUANYUAN,1
YUCA,4
YUI,1
YUKA,3
YUKI,29
YULMOO,1
YULU,1
YUM,1
YUMA,1
YUMI,3
YUMIKO,1
YUMMY,1
YUNA,3
YUNI,1
YUNO,1
YUPYUP,1
YURI,1
YUTO,1
YUUKI,2
YUZU,5
YZMA,1
ZABACHI,1
ZAC,1
ZACARIA,1
ZACH,6
ZACHARIAH,1
ZACHARY,7
ZACK,15
ZACKY,2
ZADIE,8
ZAFI,1
ZAHAVA,2
ZAHRA,1
ZAI,1
ZAICHIK,1
ZAILAA,1
ZAILEY,1
ZAINA,1
ZAIRE,1
ZAK,3
ZAKU,1
ZALI,1
ZAMBONEE,1
ZAMBONY,1
ZAMBUCO,1
ZANDER,1
ZANE,2
ZANNE,1
ZANY,1
ZAPATA,2
ZAPHIRE,1
ZAPPA,1
ZAR,1
ZARA,19
ZARAPHILLIPS,1
ZARCO,1
ZARIA,1
ZARIAH,1
ZARINA,1
ZARO,1
ZASHA,2
ZASPER,1
ZAVANAH,1
ZAXAR,1
ZAYA,1
ZAYDMAN,1
ZAYN,2
ZAYNE,1
ZAZA,2
ZAZEY,1
ZAZIE,2
ZAZU,3
ZBO,1
ZE,1
ZEATIN,1
ZEB,3
ZEBULON,1
ZECA,1
ZED,1
ZEDA,1
ZEE,4
ZEEK,2
ZEENA,1
ZEFFIRELLI,1
ZEFIR,1
ZEINA,2
ZEKE,12
ZEKI,1
ZEKY,1
ZELDA,34
ZELMO,1
ZEMEDE,1
ZEN,6
ZENA,6
ZENAFINA,1
ZENDO,1
ZENITH,1
ZENO,2
ZENZAI,2
ZEO,1
ZEPHORA,1
ZEPHULET,1
ZEPHYR,2
ZEPPELIN,5
ZEPPOLE,1
ZEPPOLI,1
ZEPPOLINO,1
ZERATUL,1
ZERKYO,1
ZERO,10
ZERON,1
ZESPILL,1
ZETTIE,1
ZEUS,147
ZEV,3
ZEVI,1
ZHANG,1
ZHONG,1
ZHORA,1
ZHUS,1
ZHUZHA,1
ZIA,1
ZIBA,2
ZIDANE,1
ZIGGIE,1
ZIGGLER,1
ZIGGY,89
ZIGI,2
ZIKO,1
ZILDJIAN,2
ZILLA,1
ZIMBA,1
ZIMBRA,1
ZINA,1
ZINC,1
ZION,7
ZIPI,1
ZIPPO,1
ZIPPY,4
ZIRA,1
ZITI,3
ZIVA,4
ZIYO,1
ZIZOU,3
ZLATA,1
ZLATAN,1
ZOBOOMAFOO,1
ZOD,1
ZOE,110
ZOE CONCHITA,1
ZOEY,155
ZOEY TRIBUZIO,1
ZOEYBEAR,1
ZOI,1
ZOIE,4
ZOLA,12
ZOLI,1
ZONA,1
ZONAMAIZE,1
ZOOBIE,1
ZOOEY,7
ZOOK,1
ZOOKOE,1
ZOOLANDER,1
ZOOM,1
ZOOMY,1
ZORA,7
ZORBA,1
ZORO,1
ZORRO,12
ZOSYA,1
ZOYA,1
ZOYE,1
ZOZUK,1
ZOË,1
ZSA,8
ZSAZSA,1
ZSERBO,1
ZSOZSO,1
ZU,1
ZUCC,3
ZUCCARELLO,3
ZUCCHERO,1
ZUCCHINI,2
ZUES,6
ZUKEY,1
ZUKI,2
ZUKO,4
ZUKO SANDOVAL,1
ZULA,1
ZULEE,1
ZULI,1
ZULLY,1
ZULU,6
ZUNI,2
ZURI,6
ZUSE,1
ZUSY,1
ZUZI,1
ZUZIA,1
ZUZU,12
ÔISHI,1
